Artifact_ID,Artifact_Type_ID
1,1
2,1
3,2
3,3
4,4
5,5
6,6
6,7
7,6
8,6
9,5
10,8
11,8
12,8
13,8
14,8
15,8
16,9
16,10
16,11
17,8
18,6
18,7
19,6
19,7
20,6
21,6
22,6
23,8
24,8
25,9
26,9
27,8
28,9
29,8
30,8
31,8
32,8
33,8
34,8
35,8
36,8
37,8
38,8
39,8
40,8
41,8
42,8
43,8
44,8
45,8
46,8
47,8
48,8
49,12
50,12
51,8
52,12
52,13
53,8
54,8
55,8
56,8
57,8
58,8
59,8
60,8
61,8
62,8
63,8
64,8
65,8
66,8
67,8
68,8
69,8
70,8
71,8
72,8
73,8
74,8
75,8
76,8
77,8
78,8
79,8
80,8
81,8
82,8
83,8
84,8
85,8
86,8
87,8
88,8
89,8
90,8
91,8
92,8
93,8
94,8
95,8
96,8
97,9
98,9
99,14
100,14
101,14
102,14
103,14
104,14
105,14
106,14
107,14
108,14
109,14
110,14
111,14
112,14
113,14
114,14
115,14
116,14
117,14
118,14
119,14
120,14
121,14
122,14
123,14
124,14
125,14
126,14
127,14
128,14
129,15
130,4
131,1
134,16
135,17
135,18
136,19
137,20
137,21
138,22
139,23
150,24
151,25
151,26
152,27
152,28
153,29
153,30
154,5
154,31
155,32
155,33
156,34
156,35
156,36
157,37
158,37
159,9
159,38
160,9
161,12
161,13
162,12
162,13
162,39
163,12
163,13
163,40
164,12
164,13
165,12
165,13
165,39
166,9
166,41
167,42
167,43
168,9
168,10
168,11
169,42
169,44
170,42
170,44
171,45
171,46
172,9
173,9
175,4
175,47
176,48
176,49
177,4
177,47
178,4
178,47
179,4
179,47
180,4
180,47
181,4
181,47
182,4
182,47
183,4
183,47
184,50
184,51
185,52
185,53
186,4
186,47
187,4
187,54
187,55
188,54
188,55
189,54
189,55
190,4
190,47
191,56
192,54
192,57
193,54
193,57
194,4
194,47
195,58
195,59
196,60
196,61
197,54
197,62
197,63
198,64
198,65
199,8
199,31
200,66
200,67
201,66
201,68
202,4
202,47
203,53
203,69
204,70
204,71
205,34
205,72
206,73
207,74
207,75
208,76
208,77
209,78
209,79
210,80
210,81
211,34
211,72
212,34
212,72
213,34
213,82
213,72
214,72
214,83
215,84
215,72
216,70
216,72
217,85
217,72
218,53
218,69
219,86
219,74
220,87
221,5
221,88
222,4
222,47
223,53
223,89
224,8
224,31
225,90
225,91
226,5
226,92
226,93
227,94
227,95
228,4
228,89
229,96
229,97
230,98
230,99
231,69
231,100
232,69
232,101
233,102
233,101
234,96
235,96
236,96
237,102
238,31
238,8
239,103
240,69
240,101
241,102
241,104
242,96
242,105
243,96
244,96
244,102
245,96
246,96
246,106
247,31
248,66
249,42
250,74
250,107
251,108
251,94
252,96
253,15
253,94
254,109
254,110
255,69
255,111
256,53
256,69
257,112
257,106
258,74
258,113
259,15
259,114
260,66
260,67
261,66
261,67
262,66
262,67
263,4
263,47
264,4
264,47
265,115
265,116
266,45
266,117
267,66
267,67
268,69
268,118
269,53
269,48
270,1
270,105
271,15
271,119
272,53
272,69
273,66
273,117
274,4
274,47
275,120
275,69
276,5
276,31
277,66
277,67
278,69
278,104
279,120
279,82
280,108
280,94
281,34
281,121
282,122
282,71
283,66
283,67
284,31
284,104
285,74
285,113
286,66
286,68
287,53
287,31
288,109
288,110
289,123
290,124
290,125
291,126
292,127
293,128
294,124
294,129
295,124
296,130
297,131
298,124
298,129
299,132
299,133
300,19
301,134
302,1
302,135
303,136
304,137
304,138
305,139
306,74
306,140
307,141
308,1
308,142
309,143
309,144
310,145
311,138
312,146
312,147
313,148
314,149
314,150
314,151
315,152
315,153
316,147
316,154
317,155
317,156
318,157
318,158
319,34
319,159
320,160
320,161
321,161
321,162
322,163
322,164
323,5
323,88
324,165
324,166
325,167
325,168
326,6
326,159
327,169
327,161
328,170
328,171
329,147
329,109
330,92
330,88
331,161
331,162
332,70
332,162
333,108
333,94
334,92
334,88
335,34
335,121
336,70
336,172
337,173
337,94
338,163
338,174
339,175
339,176
340,34
340,162
341,177
341,178
342,161
342,162
343,74
343,179
344,180
344,181
345,180
345,181
346,180
346,181
347,180
347,181
348,180
348,181
349,180
349,181
350,180
350,181
351,180
351,181
352,180
352,181
353,180
353,181
354,180
354,181
355,180
355,181
356,180
356,181
357,180
357,182
358,183
358,184
359,185
359,186
360,187
360,186
361,188
361,189
362,190
363,191
364,191
365,192
366,192
367,192
368,192
369,191
370,192
371,192
372,193
373,194
374,192
375,191
376,195
377,191
378,191
379,196
380,197
381,15
382,198
383,67
384,199
384,200
385,192
386,15
387,191
388,191
389,191
390,201
391,202
392,192
393,5
394,61
395,61
396,203
397,191
398,204
399,191
400,192
401,192
402,192
403,192
404,192
405,205
406,201
407,201
408,9
409,206
410,192
411,192
412,207
412,138
413,138
413,208
414,209
414,210
414,211
415,212
415,213
416,96
416,208
417,96
417,208
418,96
418,208
419,214
419,215
420,74
420,216
421,96
421,208
422,217
422,214
423,217
423,214
424,217
424,214
425,217
425,214
426,217
426,214
427,217
427,214
428,214
428,217
429,214
429,218
430,214
430,218
431,217
431,214
432,217
432,214
433,219
433,214
434,214
434,220
435,214
435,221
435,218
436,214
436,221
436,218
437,214
437,218
438,214
438,217
439,214
439,222
440,214
440,223
441,214
441,224
442,225
442,226
443,225
444,225
445,214
445,227
446,228
447,229
447,5
447,230
448,231
448,232
449,75
449,233
450,234
450,233
451,235
451,236
452,237
452,238
453,239
453,240
454,96
454,241
455,212
455,79
456,239
456,240
457,242
457,243
458,244
458,245
459,246
459,247
460,108
460,248
461,249
461,250
462,251
462,252
463,253
463,254
464,108
464,255
465,6
465,58
466,256
466,215
467,257
467,254
468,258
468,74
469,96
469,259
470,260
470,215
471,257
471,261
472,108
472,262
473,263
473,264
474,101
474,215
475,1
475,265
476,1
477,76
477,266
478,76
478,266
479,267
479,45
480,96
480,268
481,45
481,96
482,1
483,1
483,265
484,1
485,45
485,267
486,269
487,74
487,270
487,107
488,6
488,58
489,271
489,272
490,96
490,268
491,96
491,221
492,76
492,273
493,274
493,275
493,276
494,274
494,275
495,96
495,277
496,262
496,278
497,262
497,278
498,262
498,278
499,262
500,262
501,262
502,74
502,279
503,229
503,230
504,119
504,280
505,253
505,261
506,96
506,277
507,262
507,281
508,201
508,4
509,282
509,283
510,108
510,255
511,284
511,285
512,94
513,286
513,214
514,216
514,287
515,271
516,288
516,289
517,290
518,215
518,291
519,292
520,293
520,294
521,45
522,256
522,295
523,108
523,262
524,1
525,1
525,265
526,296
527,209
527,297
528,284
528,298
529,45
529,299
530,257
530,294
531,45
531,300
532,45
532,299
533,6
533,301
534,96
534,302
535,257
535,271
536,6
536,301
537,74
537,303
537,107
538,256
538,304
539,260
539,215
540,263
540,264
541,257
541,305
542,306
542,307
543,96
543,268
544,96
544,308
545,309
545,310
546,215
546,311
547,6
547,301
548,34
548,312
548,313
549,70
550,251
550,252
551,314
551,315
552,316
553,316
554,316
555,316
556,316
557,316
558,316
559,316
560,316
561,317
562,316
563,317
564,316
565,316
566,316
567,316
568,316
569,316
570,316
571,316
572,165
572,318
573,317
574,316
575,24
575,319
576,320
576,321
577,322
578,323
579,322
580,324
581,322
582,325
583,322
584,322
585,322
586,322
587,322
588,322
589,322
590,322
591,322
592,322
593,326
594,327
595,316
595,328
596,165
596,329
597,327
598,317
599,165
599,330
600,331
601,332
602,331
603,317
604,316
605,332
606,316
607,316
608,316
609,316
610,316
611,316
612,316
613,316
614,316
615,316
616,316
617,316
618,316
619,316
620,316
621,333
622,334
623,335
623,76
624,335
624,76
625,334
626,334
627,334
628,334
629,333
630,336
631,335
631,76
632,335
632,76
633,335
633,76
634,147
634,76
635,335
635,76
636,66
636,8
637,8
638,8
639,8
640,8
641,8
642,8
643,67
644,67
645,337
646,203
647,201
647,4
648,198
649,15
650,15
650,74
651,338
652,338
652,339
653,94
653,340
654,338
654,214
655,338
655,214
656,338
656,214
657,338
657,214
658,338
658,214
659,338
659,214
660,94
660,108
661,338
662,5
663,6
664,1
664,265
665,1
665,341
666,337
667,282
667,74
667,58
668,338
669,203
669,338
670,8
671,8
672,66
673,163
674,34
675,34
675,159
676,163
677,163
678,163
679,163
680,342
681,159
681,161
682,34
682,343
683,342
684,342
684,251
685,342
686,1
686,342
687,342
688,344
688,345
689,6
689,7
690,6
691,6
692,346
692,347
693,262
693,108
694,262
694,108
695,163
695,340
696,348
697,348
698,348
699,348
700,338
700,74
701,159
701,291
702,159
702,349
703,8
704,192
705,192
706,192
707,192
708,192
709,192
710,192
711,192
712,192
713,192
714,192
715,192
716,192
717,192
718,191
719,191
720,195
721,191
722,192
723,192
724,192
725,67
726,350
727,350
728,350
729,350
730,350
731,350
732,350
733,192
734,192
735,192
736,192
737,192
738,192
739,192
740,192
741,192
742,192
743,192
744,192
745,198
746,351
747,67
748,45
749,203
750,67
751,6
752,192
753,192
754,74
754,352
755,8
756,317
757,353
757,354
758,24
758,74
759,355
760,74
760,356
761,357
762,357
762,1
763,358
764,358
765,359
765,360
766,282
766,361
767,359
767,360
768,282
768,179
769,317
770,362
770,363
771,364
772,262
772,58
773,108
773,74
774,365
775,366
775,135
776,24
777,316
778,367
779,357
780,317
781,317
782,317
783,368
784,362
784,363
785,316
786,369
787,316
788,316
789,316
790,370
791,362
791,363
792,371
793,372
793,373
794,330
794,374
795,165
795,374
796,317
797,369
798,316
799,316
800,316
801,359
801,360
802,282
802,179
803,24
803,362
804,74
804,352
805,375
806,362
806,363
807,376
808,362
808,363
809,377
809,378
810,377
810,379
811,377
811,379
812,377
812,379
813,380
814,377
814,378
815,381
816,381
817,381
818,381
819,381
820,381
821,381
822,382
823,382
824,383
825,383
826,371
827,371
828,384
829,385
830,386
831,8
831,387
832,388
833,388
834,388
835,388
836,388
837,388
838,388
839,388
840,388
841,388
842,388
843,388
844,388
845,388
846,388
847,388
848,388
849,388
850,388
851,388
852,388
853,388
854,388
855,388
856,388
857,388
858,388
859,388
860,388
861,388
862,388
863,388
864,388
865,388
866,388
867,388
868,388
869,388
870,388
871,388
872,388
873,15
874,15
875,388
876,388
877,388
878,388
879,388
880,388
881,388
882,389
882,390
883,122
883,72
884,389
884,390
885,367
885,391
886,392
886,393
887,394
887,395
888,175
888,176
889,396
889,367
890,397
890,367
891,398
891,390
892,389
892,390
893,389
893,390
894,399
894,400
895,175
895,176
896,389
896,395
897,367
897,391
898,399
898,400
899,334
899,395
900,72
900,122
901,394
901,376
902,8
902,89
903,8
903,89
904,4
904,47
905,4
905,47
906,66
906,89
907,15
907,116
908,89
909,8
909,89
910,401
910,94
911,53
911,89
912,402
912,403
913,72
913,176
914,120
914,72
915,72
915,404
916,34
916,72
917,405
917,406
918,405
918,406
919,405
919,407
920,162
920,72
921,392
921,408
922,4
922,47
923,89
924,262
924,94
925,34
925,162
926,401
926,94
927,70
927,71
928,84
928,72
929,108
929,94
930,6
930,159
931,34
931,159
932,34
932,162
933,163
933,164
934,70
934,71
935,120
935,162
936,94
936,88
937,94
937,88
938,53
938,162
939,34
939,121
940,74
940,107
941,96
942,96
942,97
943,89
944,108
944,94
945,162
945,72
946,401
946,94
947,409
947,367
948,262
948,94
949,410
949,88
950,328
950,338
951,92
951,88
952,392
952,94
953,94
953,392
954,94
954,411
955,412
955,413
956,8
956,89
957,8
957,89
958,66
958,414
959,4
959,47
960,367
960,76
961,69
961,415
962,108
962,94
963,67
963,89
964,416
964,417
965,418
965,89
966,89
967,262
967,94
968,175
968,176
969,401
969,94
970,70
970,71
971,84
971,72
972,108
972,94
973,122
973,72
974,70
974,71
975,262
975,94
976,94
976,88
977,89
978,34
978,162
979,401
979,94
980,69
980,342
981,6
981,419
982,420
982,163
983,1
983,105
984,4
984,47
985,409
985,367
986,53
986,89
987,34
987,421
988,409
988,367
989,422
989,367
990,94
991,423
991,424
992,94
992,425
993,94
993,426
994,108
994,94
995,108
995,94
996,1
996,105
997,412
997,413
998,94
998,426
999,94
999,392
1000,74
1000,427
1001,34
1001,159
1002,53
1002,162
1003,163
1003,164
1004,428
1004,429
1005,161
1005,169
1005,71
1006,122
1006,72
1007,70
1007,430
1008,120
1008,162
1009,108
1009,94
1010,4
1010,47
1011,1
1011,338
1012,92
1012,88
1013,34
1013,412
1014,66
1014,163
1015,8
1015,431
1016,6
1016,262
1017,96
1018,233
1018,432
1019,262
1019,94
1020,105
1020,413
1021,105
1021,433
1022,179
1022,94
1023,108
1023,94
1024,434
1024,94
1025,392
1025,435
1026,92
1026,297
1027,392
1027,436
1028,412
1028,413
1029,192
1029,8
1030,192
1030,8
1031,192
1031,8
1032,192
1032,8
1033,192
1033,8
1034,192
1034,8
1035,192
1035,8
1036,192
1036,8
1037,192
1037,8
1038,192
1038,8
1039,192
1039,8
1040,192
1040,8
1041,192
1041,8
1042,192
1042,8
1043,192
1043,8
1044,192
1044,8
1045,192
1045,8
1046,192
1046,8
1047,192
1047,8
1048,192
1048,8
1049,192
1049,8
1050,192
1050,8
1051,192
1051,8
1052,192
1052,8
1053,192
1053,8
1054,192
1054,8
1055,192
1055,8
1056,192
1056,8
1057,192
1057,8
1058,192
1058,8
1059,192
1059,8
1060,192
1060,8
1061,192
1061,8
1062,192
1062,8
1063,192
1063,8
1064,192
1064,8
1065,192
1065,8
1066,192
1066,8
1067,192
1067,8
1068,192
1068,8
1069,192
1069,8
1070,192
1070,8
1071,192
1071,8
1072,192
1072,8
1073,192
1073,8
1074,192
1074,8
1075,192
1075,8
1076,192
1076,8
1077,192
1077,8
1078,192
1078,8
1079,192
1079,8
1080,192
1080,8
1081,4
1082,4
1083,4
1084,4
1085,4
1086,4
1087,4
1088,4
1089,4
1090,4
1091,4
1092,4
1093,4
1094,4
1095,4
1096,4
1097,4
1098,4
1099,4
1100,4
1101,230
1102,437
1103,438
1104,230
1105,439
1106,412
1107,440
1108,92
1109,108
1110,441
1111,108
1112,441
1113,441
1114,441
1115,442
1116,443
1117,444
1118,445
1119,445
1120,177
1121,230
1122,412
1123,108
1124,108
1125,446
1126,412
1127,412
1128,441
1129,441
1130,441
1131,441
1132,441
1133,441
1134,441
1135,441
1136,441
1137,441
1138,445
1139,108
1140,108
1141,5
1142,5
1143,447
1144,448
1145,448
1146,441
1147,445
1148,448
1149,94
1150,449
1151,450
1152,450
1153,441
1154,451
1155,8
1156,447
1157,447
1158,447
1159,452
1160,108
1161,410
1162,177
1163,453
1164,92
1165,453
1166,451
1167,410
1168,441
1169,445
1170,441
1171,94
1172,94
1173,445
1174,445
1175,441
1176,445
1177,442
1178,412
1179,452
1180,445
1181,445
1182,108
1183,412
1184,410
1185,412
1186,108
1187,108
1188,441
1189,92
1190,441
1191,454
1192,441
1193,452
1194,441
1195,108
1196,108
1197,108
1198,108
1199,108
1200,108
1201,108
1202,412
1203,412
1204,108
1205,108
1206,412
1207,441
1208,441
1209,441
1210,412
1211,451
1212,445
1213,445
1214,108
1215,412
1216,92
1217,108
1218,412
1219,108
1220,412
1221,410
1222,410
1223,412
1224,441
1225,92
1226,92
1227,439
1228,441
1229,108
1230,108
1231,230
1232,108
1233,441
1234,94
1235,450
1236,447
1237,437
1238,437
1239,441
1240,441
1241,441
1242,452
1243,441
1244,450
1245,108
1246,108
1247,442
1248,441
1249,441
1250,441
1251,441
1252,108
1253,450
1254,444
1255,94
1256,441
1257,451
1258,441
1259,108
1260,108
1261,412
1262,412
1263,108
1264,6
1265,92
1266,410
1267,441
1268,445
1269,412
1270,441
1271,412
1272,108
1273,410
1274,410
1275,412
1276,108
1277,108
1278,108
1279,412
1280,441
1281,230
1282,108
1283,445
1284,5
1285,441
1286,410
1287,108
1288,445
1289,94
1290,441
1291,445
1292,94
1293,441
1294,94
1295,441
1296,94
1297,412
1298,452
1299,412
1300,108
1301,108
1302,108
1303,108
1304,108
1305,450
1306,450
1307,450
1308,108
1309,444
1310,94
1311,445
1312,445
1313,445
1314,445
1315,230
1316,108
1317,92
1318,108
1319,441
1320,450
1321,441
1322,441
1323,452
1324,441
1325,452
1326,441
1327,441
1328,441
1329,452
1330,441
1331,441
1332,450
1333,441
1334,452
1335,452
1336,452
1337,441
1338,441
1339,441
1340,441
1341,441
1342,441
1343,441
1344,441
1345,450
1346,441
1347,441
1348,441
1349,452
1350,441
1351,441
1352,441
1353,108
1354,445
1355,108
1356,441
1357,92
1358,92
1359,450
1360,441
1361,230
1362,92
1363,445
1364,442
1365,410
1366,410
1367,452
1368,412
1369,441
1370,441
1371,441
1372,412
1373,410
1374,441
1375,441
1376,450
1377,450
1378,443
1379,412
1380,412
1381,108
1382,412
1383,441
1384,108
1385,412
1386,445
1387,441
1388,445
1389,94
1390,441
1391,410
1392,410
1393,92
1394,441
1395,92
1396,412
1397,412
1398,108
1399,444
1400,94
1401,412
1402,441
1403,108
1404,412
1405,448
1406,448
1407,447
1408,445
1409,447
1410,442
1411,448
1412,454
1413,454
1414,454
1415,441
1416,441
1417,450
1418,441
1419,441
1420,441
1421,441
1422,441
1423,441
1424,441
1425,441
1426,452
1427,441
1428,441
1429,441
1430,441
1431,452
1432,441
1433,441
1434,441
1435,450
1436,441
1437,441
1438,437
1439,441
1440,441
1441,441
1442,441
1443,450
1444,450
1445,441
1446,450
1447,450
1448,450
1449,450
1450,441
1451,441
1452,441
1453,444
1454,441
1455,441
1456,441
1457,450
1458,441
1459,441
1460,444
1461,450
1462,441
1463,441
1464,441
1465,450
1466,450
1467,448
1468,448
1469,447
1470,94
1471,447
1472,442
1473,445
1474,443
1475,441
1476,441
1477,441
1478,5
1479,441
1480,94
1481,5
1482,94
1483,94
1484,441
1485,441
1486,445
1487,94
1488,441
1489,94
1490,94
1491,441
1492,441
1493,441
1494,441
1495,441
1496,448
1497,94
1498,439
1499,441
1500,410
1501,410
1502,441
1503,441
1504,108
1505,108
1506,441
1507,441
1508,441
1509,441
1510,441
1511,441
1512,441
1513,441
1514,450
1515,441
1516,441
1517,441
1518,441
1519,441
1520,441
1521,441
1522,441
1523,441
1524,441
1525,441
1526,450
1527,452
1528,441
1529,108
1530,108
1531,108
1532,108
1533,441
1534,441
1535,441
1536,441
1537,441
1538,452
1539,450
1540,412
1541,441
1542,108
1543,441
1544,441
1545,441
1546,6
1547,441
1548,441
1549,5
1550,5
1551,410
1552,441
1553,445
1554,92
1555,448
1556,448
1557,108
1558,441
1559,230
1560,108
1561,230
1562,230
1563,441
1564,441
1565,441
1566,450
1567,450
1568,450
1569,450
1570,450
1571,441
1572,108
1573,108
1574,108
1575,108
1576,441
1577,441
1578,441
1579,410
1580,441
1581,441
1582,92
1583,441
1584,177
1585,441
1586,439
1587,410
1588,410
1589,439
1590,439
1591,439
1592,450
1593,441
1594,108
1595,108
1596,441
1597,108
1598,108
1599,108
1600,108
1601,441
1602,441
1603,441
1604,441
1605,92
1606,92
1607,92
1608,441
1609,92
1610,94
1611,441
1612,441
1613,94
1614,441
1615,94
1616,410
1617,452
1618,450
1619,441
1620,448
1621,441
1622,108
1623,442
1624,441
1625,108
1626,447
1627,441
1628,108
1629,441
1630,450
1631,108
1632,441
1633,108
1634,445
1635,452
1636,439
1637,92
1638,92
1639,230
1640,108
1641,108
1642,230
1643,441
1644,441
1645,108
1646,450
1647,441
1648,441
1649,108
1650,441
1651,441
1652,450
1653,441
1654,441
1655,108
1656,441
1657,441
1658,441
1659,441
1660,441
1661,441
1662,441
1663,108
1664,410
1665,108
1666,445
1667,92
1668,94
1669,94
1670,108
1671,441
1672,441
1673,441
1674,108
1675,441
1676,450
1677,410
1678,441
1679,441
1680,441
1681,108
1682,108
1683,108
1684,441
1685,108
1686,108
1687,450
1688,441
1689,441
1690,441
1691,108
1692,441
1693,441
1694,6
1695,6
1696,6
1697,450
1698,450
1699,450
1700,108
1701,108
1702,445
1703,108
1704,108
1705,108
1706,448
1707,441
1708,108
1709,108
1710,410
1711,108
1712,439
1713,441
1714,108
1715,450
1716,441
1717,441
1718,441
1719,441
1720,441
1721,441
1722,108
1723,441
1724,441
1725,441
1726,441
1727,441
1728,441
1729,439
1730,441
1731,92
1732,92
1733,450
1734,177
1735,437
1736,108
1737,442
1738,108
1739,108
1740,441
1741,450
1742,441
1743,410
1744,441
1745,445
1746,445
1747,445
1748,442
1749,450
1750,441
1751,108
1752,108
1753,441
1754,452
1755,441
1756,441
1757,441
1758,108
1759,450
1760,450
1761,108
1762,108
1763,441
1764,450
1765,441
1766,441
1767,441
1768,441
1769,441
1770,108
1771,108
1772,441
1773,450
1774,441
1775,441
1776,441
1777,441
1778,441
1779,108
1780,108
1781,108
1782,108
1783,108
1784,441
1785,442
1786,448
1787,441
1788,448
1789,448
1790,445
1791,5
1792,108
1793,94
1794,94
1795,94
1796,94
1797,94
1798,94
1799,94
1800,94
1801,94
1802,94
1803,94
1804,94
1805,94
1806,94
1807,94
1808,94
1809,94
1810,94
1811,94
1812,94
1813,94
1814,94
1815,94
1816,94
1817,94
1818,94
1819,94
1820,94
1821,94
1822,94
1823,94
1824,441
1825,441
1826,441
1827,108
1828,108
1829,108
1830,108
1831,108
1832,108
1833,108
1834,108
1835,108
1836,108
1837,108
1838,108
1839,108
1840,108
1841,441
1842,441
1843,108
1844,441
1845,108
1846,452
1847,94
1848,94
1849,452
1850,94
1851,94
1852,94
1853,410
1854,108
1855,108
1856,108
1857,108
1858,441
1859,410
1860,439
1861,439
1862,439
1863,439
1864,439
1865,439
1866,439
1867,441
1868,445
1869,445
1870,230
1871,441
1872,94
1873,445
1874,94
1875,441
1876,94
1877,450
1878,441
1879,441
1880,441
1881,441
1882,108
1883,441
1884,108
1885,108
1886,441
1887,441
1888,441
1889,410
1890,108
1891,108
1892,108
1893,108
1894,108
1895,108
1896,92
1897,410
1898,230
1899,442
1900,441
1901,442
1902,441
1903,441
1904,108
1905,441
1906,441
1907,441
1908,108
1909,441
1910,441
1911,441
1912,439
1913,410
1914,451
1915,108
1916,450
1917,439
1918,410
1919,92
1920,441
1921,445
1922,410
1923,441
1924,441
1925,439
1926,441
1927,441
1928,410
1929,441
1930,108
1931,108
1932,108
1933,108
1934,108
1935,108
1936,441
1937,108
1938,441
1939,94
1940,94
1941,94
1942,94
1943,94
1944,94
1945,94
1946,445
1947,445
1948,94
1949,94
1950,94
1951,94
1952,94
1953,94
1954,450
1955,94
1956,441
1957,441
1958,410
1959,410
1960,410
1961,410
1962,410
1963,410
1964,410
1965,410
1966,230
1967,450
1968,450
1969,92
1970,92
1971,92
1972,92
1973,441
1974,92
1975,441
1976,441
1977,441
1978,441
1979,441
1980,441
1981,441
1982,439
1983,439
1984,439
1985,441
1986,441
1987,439
1988,92
1989,439
1990,410
1991,410
1992,410
1993,410
1994,410
1995,441
1996,446
1997,410
1998,108
1999,108
2000,108
2001,455
2002,441
2003,441
2004,441
2005,441
2006,441
2007,92
2008,92
2009,92
2010,92
2011,92
2012,92
2013,92
2014,92
2015,108
2016,441
2017,441
2018,440
2019,450
2020,450
2021,108
2022,450
2023,448
2024,441
2025,441
2026,445
2027,448
2028,445
2029,441
2030,441
2031,441
2032,441
2033,108
2034,108
2035,450
2036,450
2037,441
2038,108
2039,450
2040,441
2041,450
2042,441
2043,441
2044,108
2045,441
2046,441
2047,108
2048,441
2049,108
2050,450
2051,450
2052,441
2053,450
2054,441
2055,441
2056,441
2057,441
2058,441
2059,441
2060,441
2061,441
2062,441
2063,441
2064,450
2065,441
2066,441
2067,108
2068,450
2069,108
2070,108
2071,108
2072,108
2073,452
2074,450
2075,108
2076,108
2077,108
2078,92
2079,177
2080,441
2081,441
2082,441
2083,108
2084,108
2085,108
2086,445
2087,445
2088,445
2089,441
2090,456
2091,441
2092,441
2093,441
2094,441
2095,108
2096,92
2097,92
2098,450
2099,452
2100,452
2101,441
2102,448
2103,445
2104,108
2105,443
2106,108
2107,108
2108,108
2109,441
2110,441
2111,441
2112,441
2113,441
2114,441
2115,445
2116,441
2117,108
2118,441
2119,441
2120,92
2121,445
2122,441
2123,108
2124,450
2125,94
2126,108
2127,108
2128,108
2129,108
2130,441
2131,448
2132,108
2133,108
2134,441
2135,108
2136,441
2137,441
2138,108
2139,441
2140,452
2141,92
2142,439
2143,439
2144,439
2145,441
2146,94
2147,94
2148,94
2149,94
2150,94
2151,94
2152,441
2153,94
2154,94
2155,94
2156,441
2157,94
2158,441
2159,441
2160,94
2161,94
2162,441
2163,441
2164,94
2165,410
2166,410
2167,410
2168,108
2169,108
2170,108
2171,441
2172,448
2173,441
2174,441
2175,108
2176,452
2177,441
2178,108
2179,441
2180,92
2181,439
2182,108
2183,441
2184,108
2185,108
2186,108
2187,108
2188,108
2189,108
2190,108
2191,445
2192,94
2193,441
2194,108
2195,94
2196,441
2197,108
2198,108
2199,108
2200,108
2201,108
2202,108
2203,94
2204,452
2205,441
2206,441
2207,441
2208,441
2209,441
2210,441
2211,441
2212,441
2213,92
2214,92
2215,92
2216,92
2217,441
2218,441
2219,441
2220,441
2221,441
2222,94
2223,441
2224,448
2225,108
2226,108
2227,108
2228,108
2229,441
2230,441
2231,108
2232,108
2233,108
2234,441
2235,108
2236,108
2237,441
2238,410
2239,450
2240,108
2241,108
2242,441
2243,441
2244,441
2245,450
2246,450
2247,450
2248,177
2249,441
2250,441
2251,441
2252,452
2253,445
2254,94
2255,445
2256,94
2257,94
2258,94
2259,94
2260,94
2261,94
2262,410
2263,108
2264,441
2265,108
2266,108
2267,445
2268,445
2269,445
2270,410
2271,441
2272,441
2273,441
2274,441
2275,441
2276,108
2277,441
2278,441
2279,441
2280,441
2281,441
2282,441
2283,441
2284,450
2285,441
2286,450
2287,441
2288,445
2289,445
2290,108
2291,94
2292,448
2293,441
2294,441
2295,108
2296,441
2297,452
2298,108
2299,445
2300,448
2301,441
2302,441
2303,108
2304,442
2305,441
2306,92
2307,108
2308,108
2309,108
2310,108
2311,108
2312,108
2313,108
2314,108
2315,108
2316,108
2317,108
2318,108
2319,108
2320,108
2321,108
2322,108
2323,108
2324,441
2325,108
2326,441
2327,410
2328,441
2329,452
2330,108
2331,441
2332,448
2333,441
2334,108
2335,441
2336,441
2337,441
2338,452
2339,441
2340,445
2341,441
2342,441
2343,441
2344,441
2345,108
2346,108
2347,108
2348,108
2349,108
2350,108
2351,445
2352,108
2353,108
2354,108
2355,108
2356,108
2357,108
2358,108
2359,108
2360,108
2361,108
2362,108
2363,108
2364,92
2365,108
2366,441
2367,441
2368,445
2369,445
2370,445
2371,445
2372,94
2373,443
2374,441
2375,441
2376,441
2377,441
2378,441
2379,108
2380,108
2381,108
2382,108
2383,108
2384,94
2385,108
2386,441
2387,441
2388,441
2389,108
2390,108
2391,108
2392,108
2393,108
2394,94
2395,445
2396,94
2397,450
2398,94
2399,94
2400,410
2401,92
2402,92
2403,441
2404,445
2405,108
2406,108
2407,108
2408,450
2409,108
2410,441
2411,455
2412,441
2413,441
2414,456
2415,441
2416,108
2417,410
2418,452
2419,230
2420,230
2421,108
2422,108
2423,92
2424,94
2425,441
2426,108
2427,441
2428,445
2429,445
2430,445
2431,94
2432,94
2433,94
2434,441
2435,441
2436,445
2437,441
2438,445
2439,442
2440,108
2441,92
2442,94
2443,94
2444,94
2445,94
2446,445
2447,445
2448,450
2449,445
2450,445
2451,441
2452,441
2453,445
2454,445
2455,94
2456,94
2457,439
2458,108
2459,108
2460,108
2461,108
2462,108
2463,108
2464,108
2465,441
2466,441
2467,441
2468,441
2469,108
2470,94
2471,94
2472,445
2473,94
2474,94
2475,445
2476,441
2477,445
2478,445
2479,94
2480,410
2481,410
2482,410
2483,108
2484,450
2485,450
2486,437
2487,441
2488,92
2489,92
2490,108
2491,108
2492,108
2493,452
2494,441
2495,441
2496,454
2497,108
2498,450
2499,441
2500,441
2501,441
2502,441
2503,108
2504,441
2505,441
2506,441
2507,441
2508,441
2509,441
2510,441
2511,441
2512,441
2513,441
2514,441
2515,441
2516,441
2517,441
2518,441
2519,441
2520,441
2521,441
2522,441
2523,441
2524,441
2525,441
2526,441
2527,441
2528,441
2529,441
2530,441
2531,441
2532,441
2533,441
2534,441
2535,441
2536,441
2537,441
2538,452
2539,441
2540,108
2541,108
2542,441
2543,441
2544,441
2545,441
2546,454
2547,454
2548,441
2549,410
2550,108
2551,108
2552,108
2553,441
2554,94
2555,94
2556,108
2557,108
2558,108
2559,108
2560,108
2561,441
2562,108
2563,108
2564,108
2565,94
2566,108
2567,108
2568,108
2569,108
2570,108
2571,108
2572,445
2573,441
2574,94
2575,108
2576,441
2577,450
2578,410
2579,108
2580,108
2581,108
2582,94
2583,445
2584,445
2585,108
2586,108
2587,108
2588,108
2589,108
2590,108
2591,450
2592,441
2593,445
2594,450
2595,108
2596,108
2597,108
2598,441
2599,108
2600,412
2601,108
2602,450
2603,441
2604,410
2605,452
2606,94
2607,441
2608,94
2609,94
2610,94
2611,452
2612,445
2613,108
2614,108
2615,108
2616,108
2617,441
2618,441
2619,441
2620,441
2621,441
2622,453
2623,94
2624,445
2625,410
2626,441
2627,441
2628,5
2629,451
2630,108
2631,108
2632,108
2633,108
2634,94
2635,94
2636,94
2637,94
2638,94
2639,94
2640,94
2641,94
2642,94
2643,94
2644,94
2645,94
2646,94
2647,410
2648,94
2649,108
2650,108
2651,108
2652,108
2653,444
2654,444
2655,444
2656,410
2657,441
2658,441
2659,108
2660,108
2661,441
2662,441
2663,410
2664,108
2665,108
2666,108
2667,94
2668,441
2669,441
2670,108
2671,410
2672,108
2673,108
2674,108
2675,108
2676,108
2677,5
2678,441
2679,441
2680,450
2681,410
2682,230
2683,410
2684,108
2685,410
2686,441
2687,441
2688,410
2689,108
2690,108
2691,108
2692,441
2693,441
2694,108
2695,445
2696,441
2697,441
2698,92
2699,92
2700,441
2701,441
2702,452
2703,108
2704,108
2705,108
2706,108
2707,108
2708,445
2709,108
2710,108
2711,441
2712,108
2713,108
2714,108
2715,108
2716,108
2717,108
2718,108
2719,441
2720,450
2721,108
2722,445
2723,445
2724,441
2725,108
2726,108
2727,108
2728,108
2729,410
2730,92
2731,92
2732,441
2733,108
2734,441
2735,441
2736,230
2737,445
2738,108
2739,450
2740,410
2741,441
2742,441
2743,177
2744,453
2745,92
2746,92
2747,441
2748,441
2749,441
2750,439
2751,445
2752,445
2753,92
2754,92
2755,92
2756,441
2757,92
2758,441
2759,230
2760,410
2761,441
2762,441
2763,441
2764,441
2765,442
2766,445
2767,108
2768,441
2769,441
2770,410
2771,441
2772,451
2773,441
2774,450
2775,442
2776,441
2777,445
2778,441
2779,177
2780,441
2781,441
2782,108
2783,445
2784,441
2785,450
2786,441
2787,108
2788,108
2789,441
2790,410
2791,439
2792,441
2793,441
2794,441
2795,441
2796,441
2797,108
2798,108
2799,448
2800,437
2801,108
2802,94
2803,108
2804,94
2805,410
2806,410
2807,108
2808,108
2809,108
2810,441
2811,108
2812,108
2813,410
2814,454
2815,454
2816,454
2817,454
2818,441
2819,230
2820,108
2821,441
2822,454
2823,108
2824,441
2825,108
2826,410
2827,410
2828,108
2829,230
2830,441
2831,441
2832,108
2833,108
2834,108
2835,108
2836,441
2837,230
2838,410
2839,441
2840,108
2841,108
2842,441
2843,441
2844,441
2845,450
2846,441
2847,441
2848,108
2849,441
2850,441
2851,108
2852,441
2853,441
2854,448
2855,445
2856,445
2857,445
2858,92
2859,410
2860,410
2861,410
2862,108
2863,452
2864,108
2865,441
2866,108
2867,410
2868,441
2869,441
2870,108
2871,108
2872,108
2873,441
2874,441
2875,441
2876,441
2877,108
2878,454
2879,441
2880,108
2881,108
2882,108
2883,441
2884,108
2885,441
2886,441
2887,441
2888,441
2889,441
2890,441
2891,441
2892,230
2893,441
2894,441
2895,94
2896,445
2897,441
2898,94
2899,94
2900,441
2901,441
2902,441
2903,108
2904,108
2905,410
2906,108
2907,452
2908,108
2909,410
2910,108
2911,108
2912,94
2913,445
2914,410
2915,108
2916,441
2917,108
2918,108
2919,230
2920,108
2921,441
2922,441
2923,448
2924,108
2925,452
2926,108
2927,108
2928,441
2929,441
2930,108
2931,410
2932,410
2933,441
2934,441
2935,441
2936,410
2937,230
2938,451
2939,441
2940,442
2941,108
2942,94
2943,441
2944,92
2945,92
2946,441
2947,441
2948,410
2949,410
2950,410
2951,439
2952,441
2953,441
2954,108
2955,92
2956,445
2957,441
2958,445
2959,230
2960,230
2961,108
2962,108
2963,108
2964,108
2965,108
2966,94
2967,108
2968,108
2969,108
2970,108
2971,108
2972,410
2973,445
2974,448
2975,441
2976,108
2977,230
2978,108
2979,442
2980,108
2981,108
2982,108
2983,108
2984,108
2985,230
2986,94
2987,94
2988,108
2989,108
2990,108
2991,412
2992,410
2993,445
2994,108
2995,108
2996,108
2997,92
2998,450
2999,441
3000,230
3001,441
3002,441
3003,441
3004,108
3005,441
3006,441
3007,410
3008,108
3009,441
3010,108
3011,441
3012,108
3013,450
3014,108
3015,412
3016,441
3017,452
3018,108
3019,108
3020,108
3021,108
3022,108
3023,441
3024,108
3025,445
3026,410
3027,445
3028,441
3029,412
3030,452
3031,452
3032,108
3033,412
3034,108
3035,108
3036,445
3037,441
3038,108
3039,441
3040,108
3041,94
3042,108
3043,441
3044,108
3045,441
3046,441
3047,108
3048,441
3049,108
3050,108
3051,108
3052,108
3053,108
3054,108
3055,108
3056,108
3057,441
3058,441
3059,108
3060,108
3061,108
3062,108
3063,108
3064,108
3065,94
3066,94
3067,94
3068,410
3069,94
3070,94
3071,450
3072,94
3073,450
3074,94
3075,441
3076,94
3077,445
3078,441
3079,94
3080,94
3081,108
3082,108
3083,108
3084,108
3085,108
3086,108
3087,441
3088,108
3089,108
3090,441
3091,8
3092,442
3093,108
3094,108
3095,108
3096,108
3097,108
3098,108
3099,108
3100,108
3101,108
3102,108
3103,108
3104,441
3105,442
3106,448
3107,108
3108,441
3109,441
3110,94
3111,441
3112,450
3113,108
3114,441
3115,441
3116,230
3117,108
3118,92
3119,92
3120,450
3121,441
3122,108
3123,5
3124,108
3125,441
3126,108
3127,410
3128,230
3129,410
3130,450
3131,441
3132,445
3133,445
3134,445
3135,445
3136,445
3137,445
3138,441
3139,108
3140,108
3141,108
3142,108
3143,108
3144,441
3145,412
3146,108
3147,108
3148,108
3149,108
3150,108
3151,108
3152,108
3153,108
3154,108
3155,441
3156,108
3157,108
3158,108
3159,108
3160,441
3161,441
3162,441
3163,456
3164,441
3165,108
3166,230
3167,448
3168,108
3169,108
3170,108
3171,108
3172,108
3173,108
3174,108
3175,108
3176,230
3177,108
3178,410
3179,410
3180,108
3181,108
3182,108
3183,108
3184,108
3185,108
3186,108
3187,108
3188,445
3189,448
3190,439
3191,108
3192,441
3193,108
3194,441
3195,441
3196,450
3197,450
3198,108
3199,441
3200,450
3201,94
3202,439
3203,441
3204,441
3205,441
3206,441
3207,108
3208,441
3209,108
3210,441
3211,441
3212,410
3213,108
3214,108
3215,441
3216,94
3217,108
3218,108
3219,441
3220,108
3221,441
3222,108
3223,441
3224,441
3225,439
3226,410
3227,108
3228,450
3229,94
3230,94
3231,441
3232,441
3233,94
3234,450
3235,450
3236,94
3237,94
3238,441
3239,445
3240,445
3241,94
3242,94
3243,108
3244,108
3245,441
3246,450
3247,439
3248,230
3249,445
3250,441
3251,441
3252,441
3253,441
3254,6
3255,108
3256,108
3257,410
3258,94
3259,94
3260,94
3261,108
3262,108
3263,108
3264,108
3265,410
3266,108
3267,441
3268,441
3269,441
3270,453
3271,441
3272,108
3273,445
3274,452
3275,445
3276,441
3277,108
3278,108
3279,441
3280,108
3281,108
3282,108
3283,108
3284,451
3285,441
3286,441
3287,94
3288,442
3289,448
3290,445
3291,448
3292,92
3293,230
3294,92
3295,410
3296,439
3297,92
3298,92
3299,441
3300,410
3301,445
3302,441
3303,445
3304,442
3305,441
3306,441
3307,94
3308,94
3309,230
3310,94
3311,445
3312,445
3313,94
3314,94
3315,441
3316,441
3317,441
3318,108
3319,441
3320,442
3321,441
3322,441
3323,108
3324,441
3325,441
3326,441
3327,441
3328,441
3329,450
3330,445
3331,410
3332,230
3333,441
3334,441
3335,441
3336,441
3337,441
3338,410
3339,439
3340,441
3341,441
3342,410
3343,448
3344,108
3345,108
3346,108
3347,108
3348,441
3349,94
3350,94
3351,441
3352,108
3353,441
3354,441
3355,410
3356,410
3357,410
3358,92
3359,92
3360,108
3361,445
3362,445
3363,441
3364,441
3365,441
3366,441
3367,445
3368,452
3369,108
3370,410
3371,450
3372,441
3373,441
3374,92
3375,108
3376,441
3377,108
3378,108
3379,108
3380,441
3381,441
3382,441
3383,441
3384,410
3385,410
3386,108
3387,108
3388,441
3389,441
3390,445
3391,445
3392,437
3393,441
3394,441
3395,448
3396,108
3397,108
3398,108
3399,441
3400,441
3401,441
3402,108
3403,108
3404,445
3405,441
3406,441
3407,410
3408,108
3409,445
3410,230
3411,445
3412,108
3413,108
3414,108
3415,454
3416,230
3417,441
3418,441
3419,108
3420,108
3421,441
3422,410
3423,92
3424,410
3425,445
3426,94
3427,441
3428,94
3429,441
3430,410
3431,445
3432,450
3433,94
3434,94
3435,94
3436,94
3437,444
3438,410
3439,94
3440,94
3441,445
3442,94
3443,94
3444,108
3445,108
3446,108
3447,108
3448,108
3449,108
3450,108
3451,441
3452,441
3453,108
3454,108
3455,441
3456,448
3457,445
3458,410
3459,452
3460,108
3461,108
3462,108
3463,108
3464,108
3465,445
3466,445
3467,445
3468,445
3469,108
3470,439
3471,448
3472,94
3473,108
3474,92
3475,410
3476,108
3477,108
3478,108
3479,441
3480,441
3481,410
3482,94
3483,452
3484,452
3485,108
3486,108
3487,108
3488,108
3489,450
3490,441
3491,441
3492,448
3493,450
3494,108
3495,410
3496,441
3497,358
3498,452
3499,357
3500,357
3501,357
3502,357
3503,341
3504,357
3505,357
3506,357
3507,364
3508,357
3509,357
3510,452
3511,8
3512,364
3513,357
3514,96
3515,85
