Museum_ID,Website,Email
1,http://www.ahsanmanzil.org.bd,ahsanmanzil.org.bd
4,https://museum.baf.mil.bd/,bafmuseum@gmail.com
6,https://www.bb.org.bd/en/index.php/museum/index,webmaster@bb.org.bd
7,https://bangladeshmilitarymuseum.org,
8,https://bangladeshmuseum.gov.bd,
10,https://www.thedailystar.net/news-detail-38365,
12,https://bangabandhumuseum.org.bd,
29,,
30,https://www.liberationwarmuseumbd.org/page/our-museum,
31,,
32,https://madaripurmuseum.org/,
34,https://mainamati.archaeology.gov.bd,
38,https://en.wikipedia.org/wiki/National_Museum_of_Science_and_Technology_(Bangladesh),
40,https://en.m.wikipedia.org/wiki/Mymensingh_Museum,
41,https://en.wikipedia.org/wiki/National_Art_Gallery_(Bangladesh),
43,https://www.osmanimuseum.org.bd/,
44,https://panchagarh.info/place/rocks-museum/,
46,https://en.wikipedia.org/wiki/Bangladesh_Police_Liberation_War_Museum,
47,https://en.banglapedia.org/index.php/Postal_Museum,
49,https://greenbelt.com.bd/hason-raja-museum/,
50,https://beautifulbangladesh.gov.bd/district-destination/narayanganj/heritage/117,
51,https://en.wikipedia.org/wiki/Shilaidaha_Rabindra_Kuthibari,
52,https://en.wikipedia.org/wiki/Shahjadpur_Kachharibari,
54,https://www.bangladesh.com/attractions/museums/tribal-cultural-museum/,
55,https://en.banglapedia.org/index.php/Varendra_Research_Museum,
57,https://ziamuseum.org.bd,ziamuseum@gmail.com
60,https://www.ahsanmanzil.org.bd/site,
62,https://museum.cu.ac.bd/,museum@cu.ac.bd
63,https://baliatipalace.com,
