Dimension_ID,Length,Width,Height
1,,,
2,,,
3,,,
4,82.55,40.64 cm,
5,,,
6,,,82 cm
7,,,98 cm
8,,,
9,,,
10,,,
11,,,96 cm
12,,,68.5 cm
13,,,
14,,,
15,,,
16,28,10 cm,
17,,,
18,,,
19,18 cm,37 cm,17 cm
20,,,34 
21,56,46 cm,
22,,,52 cm
23,,,107 cm
24,71 cm,74.93,33.02 cm
25,,,255 cm
26,,,
27,,,104.14 cm
28,,,161 cm
29,,,107 cm
30,,,
31,,,
32,,,
33,,,
34,,,
35,,,
36,,,
37,,,
38,,,
39,,,
40,20,35 cm,30
41,,,
42,122,60 mm,
43,148,70 mm,
44,,,
45,,,
46,,,
47,3,4 m,
48,,,
49,,,
50,,,
51,,,60
52,,,
53,28,14,7 cm
54,,,
55,,,
56,,,
57,30,25 cm,
58,,,
59,,,30
60,,,
61,,,80 cm
62,50,40 cm,40 cm
63,30,20,15 cm
64,,,35 cm
65,,,60 cm
66,180,90 cm,75 cm
67,,,200 cm
68,,,100 cm
69,120,80 cm,
70,,,40 cm
71,40,15 cm,
72,,,
73,,,
74,,,150 cm
75,210,120 cm,
76,100 cm,30,30 cm
77,,,180 cm
78,,,130 cm
79,60,60,30 cm
80,,,60 cm
81,50,40,35 cm
82,,,
83,,,
84,120,55 cm,170 cm
85,60,40 cm,
86,150,100,30 cm
87,,,50 cm
88,,,
89,40,35 cm,
90,50,45 cm,
91,35,30 cm,
92,,,
93,,,
94,28,14,7 cm
95,,,90 cm
96,30,25 cm,
97,,,12 cm
98,,,
99,,,
100,25,15 cm,
101,45,38 cm,
102,,,
103,,,
104,28,20 cm,420
105,40,35 cm,
106,12,8 cm,15 cm
107,,,
108,50,50 cm,
109,,,
110,60,15 cm,
111,,,45 cm
112,60,40 cm,
113,,,20 cm
114,100,60,40 cm
115,,,
116,,,
117,,,
118,,,
119,,,
120,,,
121,,,
122,,,
123,,,
124,,,
125,,,
126,,,
127,,,
128,,,
129,30,40 cm,
130,,,
131,,,
132,,,
133,25,11,35 cm
134,,,
135,,,
136,3,2 m,
137,,,
138,150,120 cm,
139,60,40 cm,
140,,,
141,,,22 cm
142,45,60 cm,
143,200,35 cm,
144,100,80,40 cm
145,25,18 cm,
146,,,18 cm
147,,,
148,30,30 cm,
149,,,
150,,,60 cm
151,,,
152,30,25 cm,
153,50,35 cm,
154,,,
155,,,
156,,,
157,,,
158,,,
159,9,8,12
160,,,
161,,,
162,,,
163,,,
164,,,
165,,,
166,,,
167,,,
168,,,
169,,,
170,,,
171,68.5,36 cm,
172,,,
173,,,
174,13 cm,6 cm,
175,,,
176,,,
177,75.5 cm,43.5 cm,
178,79.5 cm,43 cm,
179,83 cm,39 cm,
180,85 cm,38.5 cm,
181,83 cm,43 cm,
182,50.5 cm,27.5 cm,
183,,,
184,,,
185,,,
186,,,
187,,,
188,,,
189,,,
190,,,
191,,,
192,,,
193,,,
194,,,
195,,,
196,,,
197,,,
198,,,
199,,,
200,,,
201,,,
202,,,
203,,,
204,,,
205,,,
206,67 cm,33.8 cm,
207,,,
208,106 cm,49 cm,
209,79.5 cm,41 cm,
210,62.9 cm,22.8 cm,
211,80.1 cm,39.4 cm,
212,75.5 cm,40.3 cm,
213,81 cm,50.2 cm,
214,73.7 cm,49.5 cm,
215,88.9 cm,55.9 cm,
216,68.6 cm,33 cm,
217,101.6 cm,49.5 cm,
218,82.6 cm,38.7 cm,
219,82.5 cm,44.4 cm,
220,88.9 cm,44.5 cm,
221,84.5 cm,37.5 cm,
222,84 cm,41 cm,
223,86 cm,43.2 cm,
224,71.1 cm,38.1 cm,
225,63.5 cm,34.3 cm,
226,83.8 cm,83.8 cm,
227,76.2 cm,38.1 cm,
228,62.2 cm,33 cm,
229,61 cm,33 cm,
230,33 cm,20.3 cm,
231,76.2 cm,35.6 cm,
232,50.8 cm,27.9 cm,
233,78.7 cm,38.1 cm,
234,83.8 cm,43.2 cm,
235,83.8 cm,55.9 cm,
236,71.1 cm,35.6 cm,
237,55.9 cm,33 cm,
238,83.8 cm,45.7 cm,
239,76.2 cm,40.6 cm,
240,88.9 cm,43.2 cm,
241,83.8 cm,50.8 cm,
242,88.9 cm,50.8 cm,
243,91.4 cm,45.7 cm,
244,78.7 cm,35.6 cm,
245,,,
246,,,
247,,,
248,,,
249,,,
250,,,
251,,,
252,,,
253,,,
254,,,
255,,,
256,,,
257,,,
258,,,
259,,,
260,,,55 cm
261,,,
262,,,
263,,,
264,,,
265,,,
266,,,
267,,,
268,60,45 cm,
269,,,
270,,,
271,150,120 cm,
272,200,100 cm,
273,60,45 cm,
274,,,
275,2,1 m,
276,,,
277,160,80 cm,75 cm
278,,,
279,60,45 cm,
280,,,
281,100,80,90 cm
282,,,
283,,,35 cm
284,,,
285,,,
286,,,
287,,,
288,,,
289,,,
290,60,45 cm,
291,,,
292,15,10 cm,
293,,,
294,,,
295,,,
296,,,
297,,,
298,,,
299,,,
300,,,
301,,,
302,,,
303,,,
304,40,30 cm,
305,,,
306,,,
307,,,
308,,,
309,,,
310,120,90 cm,
311,59cm,38cm,
312,76cm,49cm,
313,75cm,38.5cm,
314,40cm,20.7cm,
315,69cm,30.9cm,
316,86cm,35.6cm,
317,85.5cm,35cm,
318,53.3cm,21.5cm,
319,57cm,24.5cm,
320,49cm,20.4cm,
321,67.6cm,26.8cm,
322,55.6cm,23.3cm,
323,83.1cm,34cm,
324,36.5cm,32cm,
325,63.5cm,38cm,
326,178.3cm,81cm,
327,81.5cm,34.4cm,
328,36.83cm,12.7cm etc,
329,92cm,57.6cm,
330,54cm,26cm,
331,55cm,15cm,
332,17.6cm,14cm,
333,,,76cm
334,,,55cm
335,67cm,32cm,
336,46cm,23cm,
337,58cm,24.8cm,
338,40cm,22.5cm,
339,59cm,28cm,
340,62cm,26cm,
341,25cm,12cm,
342,33cm,18cm,
343,82.5cm,49cm,
344,63cm,31cm,
345,75cm,37cm,
346,27cm,66cm,
347,35cm,17.5cm,
348,53cm,29cm,
349,49cm,29cm,
350,32cm,10.5cm,
351,26.5cm,16.5cm,
352,63cm,28cm,
353,19cm,11.5cm,
354,21cm,11cm,
355,32.5cm,17.5cm,
356,26cm,72cm,
357,46cm,26cm,
358,40cm,30cm,
359,26.5cm,18.5cm,
360,41cm,17.5cm,
361,15.3cm,10.8cm,
362,22cm,14cm,
363,2.79 cm,,
364,2.79 cm,,
365,2.665 cm,,
366,2.765 cm,,
367,2.71 cm,,
368,2.7 cm,,
369,2.845 cm,,
370,2.74 cm,,
371,2.755 cm,,
372,2.76 cm,,
373,2.715 cm,,
374,2.775 cm,,
375,2.645 cm,,
376,2.56 cm,,
377,2.76 cm,,
378,2.66 cm,,
379,2.74 cm,,
380,2.66 cm,,
381,2.695 cm,,
382,2.685 cm,,
