Artifact_ID,Image_URL,Source_Link
1,https://drive.google.com/file/d/14VzqRxSXXCY45aqIlkN96CEQOcrl2gm0/view?usp=sharing,https://bangladeshmuseum.gov.bd/pages/photo-galleries/%E0%A7%A7%E0%A7%A6%E0%A7%A6-%E0%A6%A8%E0%A6%BF%E0%A6%B0%E0%A7%8D%E0%A6%A6%E0%A6%B6%E0%A6%A8-%E0%A6%B8%E0%A6%82%E0%A6%96%E0%A7%8D%E0%A6%AF%E0%A6%BE-360f62-6922dda281fc96cef9ec0e6e
2,https://drive.google.com/file/d/1LA7dq8ChaVnssHV2YvA4YKVAUfVMdvKD/view?usp=sharing,https://bangladeshmuseum.gov.bd/pages/photo-galleries/%E0%A7%A7%E0%A7%A6%E0%A7%A6-%E0%A6%A8%E0%A6%BF%E0%A6%B0%E0%A7%8D%E0%A6%A6%E0%A6%B6%E0%A6%A8-%E0%A6%B8%E0%A6%82%E0%A6%96%E0%A7%8D%E0%A6%AF%E0%A6%BE-360f62-6922dda281fc96cef9ec0e6e
3,https://drive.google.com/file/d/1TAEz1Zp-aJQJgFuV0tGa6L2IJYkcwvJC/view?usp=sharing,https://commons.wikimedia.org/wiki/File:Bengal_Sultanate_helmet.jpg
4,https://drive.google.com/file/d/1r8KZmHNfjrVeiR1T3hBTLGuU529NOk2Z/view?usp=sharing,https://bangladeshmuseum.gov.bd/pages/photo-galleries/%E0%A7%A7%E0%A7%A6%E0%A7%A6-%E0%A6%A8%E0%A6%BF%E0%A6%B0%E0%A7%8D%E0%A6%A6%E0%A6%B6%E0%A6%A8-%E0%A6%B8%E0%A6%82%E0%A6%96%E0%A7%8D%E0%A6%AF%E0%A6%BE-360f62-6922dda281fc96cef9ec0e6e
6,https://imp-art.org/wp-content/uploads/2026/05/1.-Famine-Sketch-1943-Black-ink-on-paper-42-x-58.5-cm-Bangladesh-National-Museum-collection.jpg-1-e1778825330254.jpeg,https://imp-art.org/perspectives/dispatches/the-artist-as-witness-zainul-abedins-famine-sketches/
7,https://drive.google.com/file/d/1-aIsSIeQf4dLb-z1RIFrzSn88n-nTrF7/view?usp=sharing,https://bengalfoundation.org/featured-artist/zainul-abedin-2/
8,https://drive.google.com/file/d/1TRn5ZAWEaFtJnNSFUKo911rCXOtFLMWD/view?usp=sharing,https://bengalfoundation.org/featured-artist/zainul-abedin-2/
9,https://drive.google.com/file/d/1N4jNLzHz9NNAT7zYUC099y90U1BtLq72/view?usp=sharing,https://archive.org/details/sanskrit-and-bengali-manuscripts-in-bangladesh-national-museum-pt-1/Sanskrit%20and%20Bengali%20manuscripts%20in%20Bangladesh%20National%20Museum%20Pt-1/page/62/mode/2up
10,https://drive.google.com/file/d/1hpRaDmn9P5sUI31TUL8y7cJgdZEDy_Y2/view?usp=sharing,pdf
14,https://drive.google.com/file/d/1MJHD_I-Sn7PZUNiGnhfyNQfTyDni4zXY/view?usp=sharing,https://bangladeshmuseum.gov.bd/pages/photo-galleries/100-artifacts
15,https://drive.google.com/file/d/1ZnuWTe6bBJgY0OH-ym3XuCzngyme8wNN/view?usp=sharing,https://www.facebook.com/profile.php?id=100087149261578
16,https://drive.google.com/file/d/1FDuXYMxgZdZCrum75rZEeGjpB-JfRv0F/view?usp=sharing,https://en.banglapedia.org/index.php/Iconography
17,https://upload.wikimedia.org/wikipedia/commons/3/36/Composition_by_Novera_Ahmed.jpg,https://dailyasianage.com/news/37319/national-museum-displays-new-collections-of-artefacts
18,https://imp-art.org/wp-content/uploads/2026/05/3.-Famine-Sketch-1943-Black-ink-on-paper-46-x-57-cm-Bangladesh-National-Museum-collection.jpg-1-1024x805.jpeg,https://imp-art.org/perspectives/dispatches/the-artist-as-witness-zainul-abedins-famine-sketches/
19,https://imp-art.org/wp-content/uploads/2026/05/3.-Famine-Sketch-1943-Black-ink-on-paper-46-x-57-cm-Bangladesh-National-Museum-collection.jpg-1-1024x805.jpeg,https://imp-art.org/perspectives/dispatches/the-artist-as-witness-zainul-abedins-famine-sketches/
23,https://drive.google.com/file/d/1g8o4UtQ0j7JA7mcR2JrGyIBmZ5whObd6/view?usp=sharing,https://bangladeshmuseum.gov.bd/pages/photo-galleries/100-artifacts
24,https://drive.google.com/file/d/1Hwfmu-6iTicDYkFfDmyvY91zgK2VoqK3/view?usp=sharing,https://bangladeshmuseum.gov.bd/pages/photo-galleries/100-artifacts
25,https://drive.google.com/file/d/1aH_ABfZFTGvgbyevspD6GCMYd2piDuao/view?usp=sharing,https://bangladeshmuseum.gov.bd/pages/photo-galleries/100-artifacts
26,https://drive.google.com/file/d/1pjNc_Oj-6VXzIflkaPfslxr471ASbquZ/view?usp=sharing,https://bangladeshmuseum.gov.bd/pages/photo-galleries/100-artifacts
27,https://drive.google.com/file/d/1OaY677HeQNbobQ7fLiuKMrJOD2nOZvba/view?usp=sharing,https://www.facebook.com/100087149261578/posts/%E0%A6%AC%E0%A6%BF%E0%A6%B7%E0%A7%8D%E0%A6%A3%E0%A7%81-%E0%A6%AA%E0%A6%B0%E0%A7%8D%E0%A6%AC-%E0%A7%A7%E0%A7%A8-narasimha%E0%A6%A8%E0%A7%83%E0%A6%B8%E0%A6%BF%E0%A6%82%E0%A6%B9-%E0%A6%85%E0%A6%AC%E0%A6%A4%E0%A6%BE%E0%A6%B0-narasimha-is-not-just-a-mythological-being-/968418919406408/
28,https://drive.google.com/file/d/1485U3wdXScNj53AZlGMBIksWMVEdj-t9/view?usp=sharing,https://bangladeshmuseum.gov.bd/pages/photo-galleries/100-artifacts
30,https://drive.google.com/file/d/1GJaMLzlT5Rnhcdfa6mYB9JfAFD8Bx8gX/view?usp=sharing,https://en.banglapedia.org/index.php/Iconography
32,https://drive.google.com/file/d/1xj-y1hlCa-Km1O_D5wfmzmZr2ras2IOP/view?usp=sharing,https://bangladeshmuseum.gov.bd/pages/photo-galleries/100-artifacts
33,https://drive.google.com/file/d/1FtggVoQzHe_xliiNzgGU3KfXHoZUonXC/view?usp=sharing,https://bangladeshmuseum.gov.bd/pages/photo-galleries/100-artifacts
35,https://drive.google.com/file/d/1YMkdhTesnKKl_mdoFw8m54LpJgdKpvuj/view?usp=sharing,https://en.banglapedia.org/index.php/Iconography
36,https://drive.google.com/file/d/1Hg8iIhbY6jWIivqSXBVN0YOln-6NbdpE/view?usp=sharing,https://bangladeshmuseum.gov.bd/pages/photo-galleries/100-artifacts
38,https://drive.google.com/file/d/1jCOvTE1_eXEpyKRBH6-_abbevQ4SBy5i/view?usp=sharing,https://bangladeshmuseum.gov.bd/pages/photo-galleries/100-artifacts
39,https://drive.google.com/file/d/1T0DbHhJeiswWUHukR8uSIrd6If9S4QMn/view?usp=sharing,https://objectstorage.ap-dcc-gazipur-1.oraclecloud15.com/n/axvjbnqprylg/b/V2Ministry/o/office-bangladeshmuseum/2024/12/d8f59799807c417ca53fe13cf4d9a538.pdf
42,https://drive.google.com/file/d/1Xx6sRu6rFGqOOFeHSj_Qu12Jk1h_LP4d/view?usp=sharing,https://bangladeshmuseum.gov.bd/pages/photo-galleries/100-artifacts
46,https://drive.google.com/file/d/15cLxg-nRASCkF03udphyNG4g3vfX5xvL/view?usp=sharing,https://bangladeshmuseum.gov.bd/pages/photo-galleries/100-artifacts
48,https://upload.wikimedia.org/wikipedia/commons/thumb/d/d9/National_Museum_Dhaka6.jpg/640px-National_Museum_Dhaka6.jpg,https://bangladeshmuseum.gov.bd/pages/photo-galleries/100-artifacts
49,https://drive.google.com/file/d/1DFfPQ_OwxyJI11w8DUkGLKFDvNBv66pJ/view?usp=sharing,https://bangladeshmuseum.gov.bd/pages/photo-galleries/100-artifacts
52,https://drive.google.com/file/d/1DsXhB__1ODetpoWp7RBMPFO61NSQI45l/view?usp=sharing,https://bangladeshmuseum.gov.bd/pages/photo-galleries/100-artifacts
53,https://drive.google.com/file/d/1iNHSS2AD-trIvpvwlh-RhCubwVAPWr-i/view?usp=sharing,https://bangladeshmuseum.gov.bd/pages/photo-galleries/100-artifacts
97,https://drive.google.com/file/d/1Vm3p4O7UpVXZRplg5046KBE2bMYZjWdq/view?usp=sharing,https://bangladeshmuseum.gov.bd/pages/photo-galleries/100-artifacts
98,https://drive.google.com/file/d/1PhKSTFNJVjTQdyXD0kjd6uKRT5nJrJBr/view?usp=sharing,https://bangladeshmuseum.gov.bd/pages/photo-galleries/100-artifacts
102,https://drive.google.com/file/d/1ilhRsK5dFSnZfulp4OP3nG0ZkNSZtG7I/view?usp=sharing,https://bangladeshmuseum.gov.bd/pages/photo-galleries/100-artifacts
104,https://drive.google.com/file/d/1pdfZEk6BM9ZDjQvGsQgadcCeWtRZimnO/view?usp=sharing,https://bangladeshmuseum.gov.bd/pages/photo-galleries/100-artifacts
114,https://drive.google.com/file/d/13RlvbrU1fhFgLlT8crdWsay1KALuSdAl/view?usp=sharing,https://bangladeshmuseum.gov.bd/pages/photo-galleries/100-artifacts
117,https://drive.google.com/file/d/13jBuV6xaHvapnu0zxdFhzGAHTNE9-nB6/view?usp=sharing,https://bangladeshmuseum.gov.bd/pages/photo-galleries/100-artifacts
129,https://upload.wikimedia.org/wikipedia/commons/thumb/b/b8/Copperplate_inscription.jpg/320px-Copperplate_inscription.jpg,https://bangladeshmuseum.gov.bd/pages/photo-galleries/100-artifacts
131,https://drive.google.com/file/d/1uMH629WjeVs9ccYwl7DCxFlXot-yCb6Z/view?usp=sharing,https://bangladeshmuseum.gov.bd/pages/photo-galleries/%E0%A7%A7%E0%A7%A6%E0%A7%A6-%E0%A6%A8%E0%A6%BF%E0%A6%B0%E0%A7%8D%E0%A6%A6%E0%A6%B6%E0%A6%A8-%E0%A6%B8%E0%A6%82%E0%A6%96%E0%A7%8D%E0%A6%AF%E0%A6%BE-360f62-6922dda281fc96cef9ec0e6e
132,https://drive.google.com/file/d/1W5EJgLa356m01cXc-uBI35rxrAzDVhnQ/view?usp=sharing,
133,https://drive.google.com/file/d/1fsvNS-Ut002k0BMwMtRpvAoeaGy4qaQy/view?usp=sharing,https://www.academia.edu/1239312/Sculpture_a_Ancient_Period
134,https://drive.google.com/file/d/1lZv9QTImyaVuEYYmJ7pomsE3xN_fRhE5/view?usp=sharing,https://www.academia.edu/1239312/Sculpture_a_Ancient_Period
135,https://drive.google.com/file/d/1AaBQ-1ukCPHZInA8NBdq-40VJTnkjvM2/view?usp=sharing,https://www.academia.edu/1239312/Sculpture_a_Ancient_Period
136,https://drive.google.com/file/d/1tlGdvzzzArQqwjB1PXZQ8UPLNCAT3M67/view?usp=sharing,https://bdnews24.com/bangladesh/9338ac858dc5
137,https://drive.google.com/file/d/1UgOsEzMAq8q81vZCBJVa4v2SKvClD1r4/view?usp=sharing,https://www.academia.edu/1239312/Sculpture_a_Ancient_Period
138,https://drive.google.com/file/d/1S6dN18mz0ROtZmmmpCwVTraTH6jxpw_K/view?usp=sharing,https://bdnews24.com/bangladesh/9338ac858dc5
139,https://drive.google.com/file/d/1Tjws2Zt7_nFdmoeRI2CIyi36p0FpeteC/view?usp=sharing,
150,https://drive.google.com/file/d/1BpotTW7bhM9R9aINnjnYRgCHq-h56ci0/view?usp=sharing,
151,https://drive.google.com/file/d/1BXERZE6K8vQi_2k7uCwGIDNlILtmuMu9/view?usp=sharing,
152,https://drive.google.com/file/d/1evYlb9Mk4GsHGDnm2oDFwALCLR2F8whl/view?usp=sharing,
153,https://drive.google.com/file/d/1FevmlRJporZkX2gV_APlIp2AbvKmjanq/view?usp=sharing,
154,https://drive.google.com/file/d/1IVoOWTM3g6EQJZS8airy56VdtA8F4ay9/view?usp=sharing,
155,https://drive.google.com/file/d/1hEUWq3U39cC16nFQ49AGXOLRpKNTymDH/view?usp=sharing,
156,https://drive.google.com/file/d/119ZqZ9hfd-U9YHv9Ldi0PJK6tPR6bJzQ/view?usp=sharing,
157,https://drive.google.com/file/d/17YAWkHhmQ7SgBXZlLROO6ckjf0grtK4Y/view?usp=sharing,
159,https://drive.google.com/file/d/1GvMZhdKxQ4qQiFUY3Dhh-RE3LSHQeR_L/view?usp=sharing,https://en.banglapedia.org/index.php/Iconography
161,https://drive.google.com/file/d/1Hjx6Z1UPfYsLh_5MW-KMWhQVY1S-hdz5/view?usp=sharing,https://www.scribd.com/document/878106578/2018-Iconography-of-Stone-Sculptures
162,https://drive.google.com/file/d/1VbZtYVZvrpAnZ6thN3O5bNvEDX4ruUtm/view?usp=sharing,
163,https://drive.google.com/file/d/1kUA1JcpeA-dPsYII00mEfm18FjswkyUW/view?usp=sharing,
164,https://drive.google.com/file/d/1CU9gnGsjuJnUA-w4yy69zkWSXYxfLQEq/view?usp=sharing,
165,https://drive.google.com/file/d/1JgP-fw77zGxzLAcrT8mtFUFHPYEGywrT/view?usp=sharing,
166,https://drive.google.com/file/d/1aPdv2MYqIkazvuOBQs4tald1cC4GsbbS/view?usp=sharing,
167,https://drive.google.com/file/d/1HrNUNTdA8fSyFF23FNsz87A8TqhRWBbo/view?usp=sharing,
168,https://drive.google.com/file/d/1ocDsa0WJpKawOOzYfL2xH7gZVnQ094N8/view?usp=sharing,
169,https://drive.google.com/file/d/1kebmyrbrMjJVoCibYaJBKzWvXztllSrI/view?usp=sharing,
170,https://drive.google.com/file/d/1sQ2gaRMhK86c_aqsp8j4sINlKCYeF6KC/view?usp=sharing,
171,https://drive.google.com/file/d/1pmXfZEJ_VG2VvIObNtiE1WGXHOAGvZ2X/view?usp=sharing,
172,https://drive.google.com/file/d/1aF-cAaUmX08JqDQnZ_a5gA5B_vZhsMvS/view?usp=sharing,
173,https://drive.google.com/file/d/1fr-yfXNx9wmyn95_63C6kRfYmKMMrzIn/view?usp=sharing,
174,https://drive.google.com/file/d/1V-CcoghcGJDioOmHdV9lfVgRzDPujZQN/view?usp=sharing,
199,https://barisaldivisionalmuseum.gov.bd/gallery/stone_sculpture.jpg,https://en.wikipedia.org/wiki/Barisal_Divisional_Museum
200,https://barisaldivisionalmuseum.gov.bd/gallery/terracotta_plaques.jpg,https://evendo.com/locations/bangladesh/barisal/attraction/barishal-divisional-museum
201,https://barisaldivisionalmuseum.gov.bd/gallery/designed_bricks.jpg,https://evendo.com/locations/bangladesh/barisal/attraction/barishal-divisional-museum
202,https://barisaldivisionalmuseum.gov.bd/gallery/coins_collection.jpg,https://www.touristplaces.com.bd/barisal/barisal-divisional-museum/
203,https://barisaldivisionalmuseum.gov.bd/gallery/pottery.jpg,https://www.touristplaces.com.bd/barisal/barisal-divisional-museum/
204,https://barisaldivisionalmuseum.gov.bd/gallery/musical_instruments.jpg,https://evendo.com/locations/bangladesh/barisal/attraction/barishal-divisional-museum
205,https://barisaldivisionalmuseum.gov.bd/gallery/costumes.jpg,https://evendo.com/locations/bangladesh/barisal/attraction/barishal-divisional-museum
206,https://barisaldivisionalmuseum.gov.bd/gallery/religious_artifacts.jpg,https://evendo.com/locations/bangladesh/barisal/attraction/barishal-divisional-museum
207,https://barisaldivisionalmuseum.gov.bd/gallery/historical_docs.jpg,https://en.wikipedia.org/wiki/Barisal_Divisional_Museum
208,https://barisaldivisionalmuseum.gov.bd/gallery/natural_history.jpg,https://en.wikipedia.org/wiki/Barisal_Divisional_Museum
209,https://barisaldivisionalmuseum.gov.bd/gallery/portraits.jpg,https://en.wikipedia.org/wiki/Barisal_Divisional_Museum
210,https://barisaldivisionalmuseum.gov.bd/gallery/collectorate_building.jpg,https://en.wikipedia.org/wiki/Barisal_Divisional_Museum
211,https://birisirimuseum.gov.bd/gallery/garo_dress.jpg,https://en.banglapedia.org/index.php/Tribal_Cultural_Academy
212,https://birisirimuseum.gov.bd/gallery/mingre_bag.jpg,https://en.banglapedia.org/index.php/Tribal_Cultural_Academy
213,https://birisirimuseum.gov.bd/gallery/hajong_costume.jpg,https://en.banglapedia.org/index.php/Tribal_Cultural_Academy
214,https://birisirimuseum.gov.bd/gallery/koch_artifacts.jpg,https://en.banglapedia.org/index.php/Tribal_Cultural_Academy
215,https://birisirimuseum.gov.bd/gallery/agri_tools.jpg,https://en.banglapedia.org/index.php/Tribal_Cultural_Academy
216,https://birisirimuseum.gov.bd/gallery/garo_instruments.jpg,https://en.banglapedia.org/index.php/Tribal_Cultural_Academy
217,https://birisirimuseum.gov.bd/gallery/hunting_fishing.jpg,https://en.banglapedia.org/index.php/Tribal_Cultural_Academy
218,https://birisirimuseum.gov.bd/gallery/ethnic_pottery.jpg,https://en.banglapedia.org/index.php/Tribal_Cultural_Academy
219,https://birisirimuseum.gov.bd/gallery/publications.jpg,https://en.banglapedia.org/index.php/Tribal_Cultural_Academy
220,https://birisirimuseum.gov.bd/gallery/banai_hadi.jpg,https://en.banglapedia.org/index.php/Tribal_Cultural_Academy
221,https://rammalamuseum.gov.bd/gallery/manuscripts.jpg,https://www.tbsnews.net/features/panorama/rammala-library-inside-bangladeshs-century-old-archive-books-rare-manuscripts
222,https://rammalamuseum.gov.bd/gallery/coins.jpg,https://www.nationsencyclopedia.com/Asia-and-Oceania/Bangladesh-LIBRARIES-AND-MUSEUMS.html
223,https://rammalamuseum.gov.bd/gallery/pottery.jpg,https://www.bssnews.net/news/331153
224,https://rammalamuseum.gov.bd/gallery/sculptures.jpg,https://www.bssnews.net/gallery/stone_sculpture.jpg
225,https://rammalamuseum.gov.bd/gallery/periodicals.jpg,https://www.tbsnews.net/features/panorama/rammala-library-inside-bangladeshs-century-old-archive-books-rare-manuscripts
226,https://rammalamuseum.gov.bd/gallery/religious_texts.jpg,https://www.tbsnews.net/features/panorama/rammala-library-inside-bangladeshs-century-old-archive-books-rare-manuscripts
227,https://rammalamuseum.gov.bd/gallery/founder_items.jpg,https://www.researchgate.net/publication/382239279_Rammala_Library_in_Comilla_a_Collection_of_rare_Manuscripts
228,https://rammalamuseum.gov.bd/gallery/ancient_coins.jpg,https://www.nationsencyclopedia.com/Asia-and-Oceania/Bangladesh-LIBRARIES-AND-MUSEUMS.html
229,https://baliatipalacemuseum.gov.bd/gallery/iron_safe.jpg,https://www.thedailystar.net/news/news/baliati-palace-striking-19th-century-architecture-the-heart-manikganj-3027751
230,https://baliatipalacemuseum.gov.bd/gallery/gramophone.jpg,https://www.thedailystar.net/news/news/baliati-palace-striking-19th-century-architecture-the-heart-manikganj-3027751
231,https://baliatipalacemuseum.gov.bd/gallery/cash_box.jpg,https://www.thedailystar.net/news/news/baliati-palace-striking-19th-century-architecture-the-heart-manikganj-3027751
232,https://baliatipalacemuseum.gov.bd/gallery/hurricane_lamp.jpg,https://www.thedailystar.net/news/news/baliati-palace-striking-19th-century-architecture-the-heart-manikganj-3027751
233,https://baliatipalacemuseum.gov.bd/gallery/chandelier.jpg,https://mahfujalam.wordpress.com/2017/02/01/the-baliati-jamidarabari-an-unexplored-and-less-known-attractive-place-near-dhaka-bangladesh/
234,https://baliatipalacemuseum.gov.bd/gallery/marble_table.jpg,https://mahfujalam.wordpress.com/2017/02/01/the-baliati-jamidarabari-an-unexplored-and-less-known-attractive-place-near-dhaka-bangladesh/
235,https://baliatipalacemuseum.gov.bd/gallery/almirah.jpg,https://mahfujalam.wordpress.com/2017/02/01/the-baliati-jamidarabari-an-unexplored-and-less-known-attractive-place-near-dhaka-bangladesh/
236,https://baliatipalacemuseum.gov.bd/gallery/wooden_chair.jpg,https://mahfujalam.wordpress.com/2017/02/01/the-baliati-jamidarabari-an-unexplored-and-less-known-attractive-place-near-dhaka-bangladesh/
237,https://baliatipalacemuseum.gov.bd/gallery/wall_mirror.jpg,https://mahfujalam.wordpress.com/2017/02/01/the-baliati-jamidarabari-an-unexplored-and-less-known-attractive-place-near-dhaka-bangladesh/
238,https://baliatipalacemuseum.gov.bd/gallery/shiva_lingam.jpg,https://mahfujalam.wordpress.com/2017/02/01/the-baliati-jamidarabari-an-unexplored-and-less-known-attractive-place-near-dhaka-bangladesh/
239,https://baliatipalacemuseum.gov.bd/gallery/name_plate.jpg,https://www.thedailystar.net/news/news/baliati-palace-striking-19th-century-architecture-the-heart-manikganj-3027751
240,https://baliatipalacemuseum.gov.bd/gallery/glass_chimneys.jpg,https://mahfujalam.wordpress.com/2017/02/01/the-baliati-jamidarabari-an-unexplored-and-less-known-attractive-place-near-dhaka-bangladesh/
241,https://baliatipalacemuseum.gov.bd/gallery/brass_vases.jpg,https://mahfujalam.wordpress.com/2017/02/01/the-baliati-jamidarabari-an-unexplored-and-less-known-attractive-place-near-dhaka-bangladesh/
242,https://baliatipalacemuseum.gov.bd/gallery/rifle_stand.jpg,https://mahfujalam.wordpress.com/2017/02/01/the-baliati-jamidarabari-an-unexplored-and-less-known-attractive-place-near-dhaka-bangladesh/
243,https://baliatipalacemuseum.gov.bd/gallery/wooden_bed.jpg,https://mahfujalam.wordpress.com/2017/02/01/the-baliati-jamidarabari-an-unexplored-and-less-known-attractive-place-near-dhaka-bangladesh/
244,https://baliatipalacemuseum.gov.bd/gallery/pedestal.jpg,https://mahfujalam.wordpress.com/2017/02/01/the-baliati-jamidarabari-an-unexplored-and-less-known-attractive-place-near-dhaka-bangladesh/
245,https://baliatipalacemuseum.gov.bd/gallery/storage_cupboard.jpg,https://mahfujalam.wordpress.com/2017/02/01/the-baliati-jamidarabari-an-unexplored-and-less-known-attractive-place-near-dhaka-bangladesh/
246,https://baliatipalacemuseum.gov.bd/gallery/throne_chair.jpg,https://mahfujalam.wordpress.com/2017/02/01/the-baliati-jamidarabari-an-unexplored-and-less-known-attractive-place-near-dhaka-bangladesh/
247,https://baliatipalacemuseum.gov.bd/gallery/chaidani.jpg,https://mahfujalam.wordpress.com/2017/02/01/the-baliati-jamidarabari-an-unexplored-and-less-known-attractive-place-near-dhaka-bangladesh/
248,https://baliatipalacemuseum.gov.bd/gallery/corinthian_capital.jpg,https://www.thedailystar.net/star-weekend/heritage/the-grandeur-baliati-1202239
249,https://baliatipalacemuseum.gov.bd/gallery/lion_finial.jpg,https://nijhoom.com/baliati-palace/
250,https://baliatipalacemuseum.gov.bd/gallery/land_deed.jpg,https://www.thedailystar.net/star-weekend/heritage/the-grandeur-baliati-1202239
251,https://baliatipalacemuseum.gov.bd/gallery/family_photos.jpg,https://www.thedailystar.net/star-weekend/heritage/the-grandeur-baliati-1202239
252,https://baliatipalacemuseum.gov.bd/gallery/dressing_table.jpg,https://mahfujalam.wordpress.com/2017/02/01/the-baliati-jamidarabari-an-unexplored-and-less-known-attractive-place-near-dhaka-bangladesh/
253,https://baliatipalacemuseum.gov.bd/gallery/inauguration_stone.jpg,https://www.thedailystar.net/star-weekend/heritage/the-grandeur-baliati-1202239
254,https://baliatipalacemuseum.gov.bd/gallery/palace_model.jpg,https://archaeology.dhaka.gov.bd/en/site/page/baliati-palace-museum
255,https://baliatipalacemuseum.gov.bd/gallery/hookah.jpg,https://mahfujalam.wordpress.com/2017/02/01/the-baliati-jamidarabari-an-unexplored-and-less-known-attractive-place-near-dhaka-bangladesh/
256,https://baliatipalacemuseum.gov.bd/gallery/willow_china.jpg,https://mahfujalam.wordpress.com/2017/02/01/the-baliati-jamidarabari-an-unexplored-and-less-known-attractive-place-near-dhaka-bangladesh/
257,https://baliatipalacemuseum.gov.bd/gallery/brass_kalash.jpg,https://mahfujalam.wordpress.com/2017/02/01/the-baliati-jamidarabari-an-unexplored-and-less-known-attractive-place-near-dhaka-bangladesh/
258,https://baliatipalacemuseum.gov.bd/gallery/estate_map.jpg,https://www.thedailystar.net/star-weekend/heritage/the-grandeur-baliati-1202239
259,https://baghamuseum.gov.bd/gallery/inscription1.jpg,https://en.banglapedia.org/index.php/Bagha_Mosque
260,https://baghamuseum.gov.bd/gallery/terracotta_floral.jpg,https://en.banglapedia.org/index.php/Bagha_Mosque
261,https://baghamuseum.gov.bd/gallery/mihrab_panel.jpg,https://en.banglapedia.org/index.php/Bagha_Mosque
262,https://baghamuseum.gov.bd/gallery/jali_panel.jpg,https://en.banglapedia.org/index.php/Bagha_Mosque
263,https://baghamuseum.gov.bd/gallery/nusrat_coin.jpg,https://en.banglapedia.org/index.php/Bagha_Mosque
264,https://baghamuseum.gov.bd/gallery/hussain_shah_coin.jpg,https://en.banglapedia.org/index.php/Hussain_Shahi_dynasty
266,https://baghamuseum.gov.bd/gallery/stone_pillar.jpg,https://en.banglapedia.org/index.php/Bagha_Mosque
267,https://baghamuseum.gov.bd/gallery/tower_fragment.jpg,https://en.banglapedia.org/index.php/Bagha_Mosque
268,https://baghamuseum.gov.bd/gallery/bronze_lamp.jpg,https://baghamuseum.gov.bd
269,https://baghamuseum.gov.bd/gallery/chinese_bowl.jpg,https://baghamuseum.gov.bd
270,https://baghamuseum.gov.bd/gallery/iron_sword.jpg,https://baghamuseum.gov.bd
271,https://baghamuseum.gov.bd/gallery/copper_plate.jpg,https://baghamuseum.gov.bd
272,https://baghamuseum.gov.bd/gallery/kalshi.jpg,https://baghamuseum.gov.bd
273,https://baghamuseum.gov.bd/gallery/stone_mihrab.jpg,https://en.banglapedia.org/index.php/Bagha_Mosque
274,https://baghamuseum.gov.bd/gallery/mahmud_shah_coin.jpg,https://baghamuseum.gov.bd
275,https://baghamuseum.gov.bd/gallery/glass_bangles.jpg,https://baghamuseum.gov.bd
276,https://baghamuseum.gov.bd/gallery/quran_ms.jpg,https://baghamuseum.gov.bd
277,https://baghamuseum.gov.bd/gallery/dome_fragment.jpg,https://en.banglapedia.org/index.php/Bagha_Mosque
278,https://baghamuseum.gov.bd/gallery/iron_lock.jpg,https://baghamuseum.gov.bd
279,https://baghamuseum.gov.bd/gallery/silver_earrings.jpg,https://baghamuseum.gov.bd
280,https://baghamuseum.gov.bd/gallery/conservation_photos.jpg,https://baghamuseum.gov.bd
281,https://baghamuseum.gov.bd/gallery/silk_sample.jpg,https://baghamuseum.gov.bd
283,https://baghamuseum.gov.bd/gallery/lotus_frieze.jpg,https://en.banglapedia.org/index.php/Bagha_Mosque
284,https://baghamuseum.gov.bd/gallery/dargah_lamp.jpg,https://baghamuseum.gov.bd
285,https://baghamuseum.gov.bd/gallery/colonial_map.jpg,https://baghamuseum.gov.bd
286,https://baghamuseum.gov.bd/gallery/brick_pavement.jpg,https://baghamuseum.gov.bd
287,https://baghamuseum.gov.bd/gallery/lota.jpg,https://baghamuseum.gov.bd
288,https://baghamuseum.gov.bd/gallery/mosque_model.jpg,https://baghamuseum.gov.bd
289,https://upload.wikimedia.org/wikipedia/commons/4/41/BAF_Museum_Dhaka_Bangladesh_2008.jpg,https://bafmuseum.com.bd
290,https://upload.wikimedia.org/wikipedia/commons/4/41/BAF_Museum_Dhaka_Bangladesh_2008.jpg,https://bafmuseum.com.bd
292,https://upload.wikimedia.org/wikipedia/commons/4/41/BAF_Museum_Dhaka_Bangladesh_2008.jpg,https://bafmuseum.com.bd
320,https://shishuacademy.gov.bd/gallery/puppet1.jpg,https://shishuacademy.gov.bd
322,https://shishuacademy.gov.bd/gallery/rickshaw1.jpg,https://shishuacademy.gov.bd
325,https://shishuacademy.gov.bd/gallery/alphabet1.jpg,https://shishuacademy.gov.bd
329,https://shishuacademy.gov.bd/gallery/village1.jpg,https://shishuacademy.gov.bd
332,https://shishuacademy.gov.bd/gallery/bashi1.jpg,https://shishuacademy.gov.bd
335,https://shishuacademy.gov.bd/gallery/muslin1.jpg,https://shishuacademy.gov.bd
337,https://shishuacademy.gov.bd/gallery/drawing1971.jpg,https://shishuacademy.gov.bd
340,https://shishuacademy.gov.bd/gallery/schoolbag1.jpg,https://shishuacademy.gov.bd
342,https://shishuacademy.gov.bd/gallery/kite1.jpg,https://shishuacademy.gov.bd
363,https://drive.google.com/file/d/1FqjzTnet4r7RW9KRI1ccwfqQUF3r8RdB/view?usp=drive_link,https://mainamati.archaeology.gov.bd/pages/photo-galleries/%E0%A6%A4%E0%A6%BE%E0%A6%B0%E0%A6%BE-69da225e8e1b33330b309dfd
364,https://drive.google.com/file/d/1CVbSOh04jcZqKAdeSWUFbQ8oI8kg7FCx/view?usp=drive_link,https://mainamati.archaeology.gov.bd/pages/photo-galleries/%E0%A6%85%E0%A6%AC%E0%A6%B2%E0%A7%8B%E0%A6%95%E0%A6%BF%E0%A6%A4%E0%A7%87%E0%A6%B6%E0%A7%8D%E0%A6%AC%E0%A6%B0-%E0%A6%AE%E0%A7%9F%E0%A6%A8%E0%A6%BE%E0%A6%AE%E0%A6%A4%E0%A6%BF-%E0%A6%9C%E0%A6%BE%E0%A6%A6%E0%A7%81%E0%A6%98%E0%A6%B0-15a6bf-6922dbf281fc96cef9ebbff1
365,https://drive.google.com/file/d/1AK4xulVvYc9uye8ofrjYrr2oRDS4UOwa/view?usp=drive_link,https://mainamati.archaeology.gov.bd/pages/photo-galleries/%E0%A6%AE%E0%A6%A8%E0%A6%B8%E0%A6%BE-%E0%A6%AE%E0%A7%9F%E0%A6%A8%E0%A6%BE%E0%A6%AE%E0%A6%A4%E0%A6%BF-%E0%A6%9C%E0%A6%BE%E0%A6%A6%E0%A7%81%E0%A6%98%E0%A6%B0-5d1a23-6922d8e081fc96cef9eaf858
366,https://drive.google.com/file/d/1LJ6LqHD46q4USIGuNg6onC7O6lYPjzFx/view?usp=drive_link,https://mainamati.archaeology.gov.bd/pages/photo-galleries/%E0%A6%A8%E0%A6%9F%E0%A6%B0%E0%A6%BE%E0%A6%9C-%E0%A6%AE%E0%A7%9F%E0%A6%A8%E0%A6%BE%E0%A6%AE%E0%A6%A4%E0%A6%BF-%E0%A6%9C%E0%A6%BE%E0%A6%A6%E0%A7%81%E0%A6%98%E0%A6%B0-ea5d66-6922db9d81fc96cef9ebae53
367,https://drive.google.com/file/d/1N-RF-zd_I6mcyff8ILPVd-6c-ZKSE1Uv/view?usp=drive_link,https://mainamati.archaeology.gov.bd/pages/photo-galleries/%E0%A6%89%E0%A6%AE%E0%A6%BE-%E0%A6%AE%E0%A6%B9%E0%A7%87%E0%A6%B6%E0%A7%8D%E0%A6%AC%E0%A6%B0-%E0%A6%AE%E0%A7%9F%E0%A6%A8%E0%A6%BE%E0%A6%AE%E0%A6%A4%E0%A6%BF-%E0%A6%9C%E0%A6%BE%E0%A6%A6%E0%A7%81%E0%A6%98%E0%A6%B0-fa76dd-6922dce781fc96cef9ebefb2
368,https://drive.google.com/file/d/1wEwyF7x5ec_eX9-1KbUELQ5kgB5b9c7u/view?usp=sharing,https://mainamati.archaeology.gov.bd/pages/photo-galleries/%E0%A6%AA%E0%A6%BE%E0%A6%B0%E0%A7%8D%E0%A6%AC%E0%A6%A4%E0%A7%80-69da1dc7fe563065d4e978f3
369,https://drive.google.com/file/d/1Gh49KIjhB2w2p6tirpXEpL4iMObYwRNu/view?usp=sharing,https://mainamati.archaeology.gov.bd/pages/photo-galleries/%E0%A6%AC%E0%A6%9C%E0%A7%8D%E0%A6%B0%E0%A6%B8%E0%A6%A4%E0%A7%8D%E0%A6%A4%E0%A7%8D%E0%A6%AC-%E0%A6%AE%E0%A7%9F%E0%A6%A8%E0%A6%BE%E0%A6%AE%E0%A6%A4%E0%A6%BF-%E0%A6%9C%E0%A6%BE%E0%A6%A6%E0%A7%81%E0%A6%98%E0%A6%B0-7e1486-6922daf881fc96cef9eb834a
370,https://drive.google.com/file/d/1qgJgmZmUc0eMkgriTcRuoefg-ybu5k1l/view?usp=sharing,https://mainamati.archaeology.gov.bd/pages/photo-galleries/%E0%A6%9A%E0%A6%BE%E0%A6%AE%E0%A7%81%E0%A6%A3%E0%A7%8D%E0%A6%A1%E0%A6%BE-%E0%A6%AE%E0%A7%9F%E0%A6%A8%E0%A6%BE%E0%A6%AE%E0%A6%A4%E0%A6%BF-%E0%A6%9C%E0%A6%BE%E0%A6%A6%E0%A7%81%E0%A6%98%E0%A6%B0-21a8f9-6922db7781fc96cef9eba724
371,https://drive.google.com/file/d/1AKspPf9_hblStz7cfNx1ubB6JtRR3J8S/view?usp=sharing,https://mainamati.archaeology.gov.bd/pages/photo-galleries/%E0%A6%A8%E0%A6%AC%E0%A6%97%E0%A7%8D%E0%A6%B0%E0%A6%B9-%E0%A6%AE%E0%A7%9F%E0%A6%A8%E0%A6%BE%E0%A6%AE%E0%A6%A4%E0%A6%BF-%E0%A6%9C%E0%A6%BE%E0%A6%A6%E0%A7%81%E0%A6%98%E0%A6%B0-f9a828-6922dbad81fc96cef9ebb2bd
372,https://drive.google.com/file/d/1zECT5ALbnSurc8EYMlpfv_e4E4oR4Emy/view?usp=drive_link,https://mainamati.archaeology.gov.bd/pages/photo-galleries/%E0%A6%93%E0%A6%9C%E0%A6%A8-%E0%A6%AE%E0%A6%BE%E0%A6%AA%E0%A6%BE%E0%A6%B0-%E0%A6%AF%E0%A6%A8%E0%A7%8D%E0%A6%A4%E0%A7%8D%E0%A6%B0-%E0%A6%93-%E0%A6%AC%E0%A6%BE%E0%A6%9F%E0%A6%96%E0%A6%BE%E0%A6%B0%E0%A6%BE-%E0%A6%93%E0%A6%9C%E0%A6%A8-%E0%A6%AE%E0%A7%9F%E0%A6%A8%E0%A6%BE%E0%A6%AE%E0%A6%A4%E0%A6%BF-%E0%A6%9C%E0%A6%BE%E0%A6%A6%E0%A7%81%E0%A6%98%E0%A6%B0-241d45-6922dcd281fc96cef9ebea90
373,https://drive.google.com/file/d/1c7Odg890cxlqirzqMeA6U1LlYWUxro2r/view?usp=sharing,https://www.academia.edu/37690133/Mainamati
374,https://drive.google.com/file/d/14l1epKCYDQGdqsIUErb6ygxy2q8Zc59N/view?usp=sharing,https://www.academia.edu/37690133/Mainamati
376,https://drive.google.com/file/d/13jVKYSYHyU6UXv-MyUAmJpUD2JAE4L-l/view?usp=sharing,https://www.academia.edu/37690133/Mainamati
377,https://drive.google.com/file/d/1kslQXXD0K896wC8Wc-2C0Lx7p8l34jI5/view?usp=sharing,https://www.academia.edu/37690133/Mainamati
378,https://drive.google.com/file/d/1QWeSv2nfc-MVuCVXeQXfGAyNBoav3lYl/view?usp=sharing,https://www.academia.edu/37690133/Mainamati
382,https://drive.google.com/file/d/1-r5b_tTO_vJok7KqqQLQf_LxseHI3wDY/view?usp=sharing,https://www.researchgate.net/publication/394049820_A_Glimpse_on_Charpatra_Mura_and_Artifacts_of_Mainamati
383,https://drive.google.com/file/d/1T93gE2ovWBfACBzxN505S0p8BbLyBrtW/view?usp=sharing,https://www.academia.edu/37690133/Mainamati
384,https://drive.google.com/file/d/1JqfAfqGsOV4NSSHTI5uu_yEZARE2wwO8/view?usp=sharing,https://www.academia.edu/37690133/Mainamati
388,https://drive.google.com/file/d/180FA08oqcr3-x8HpFmxd-YthpI5Jy1Si/view?usp=sharing,https://www.academia.edu/37690133/Mainamati
389,https://drive.google.com/file/d/1sydEWpgndYTfuXWSIZM1wES6r3nuxZF3/view?usp=sharing,https://www.academia.edu/37690133/Mainamati
390,https://drive.google.com/file/d/1gd10HDsdDfvul5GwbvrEkGFFum8OCSHx/view?usp=sharing,https://www.researchgate.net/publication/394049820_A_Glimpse_on_Charpatra_Mura_and_Artifacts_of_Mainamati
391,https://drive.google.com/file/d/19WO0HE0fXqHZRUbp0acuLurgyLENz6Vh/view?usp=sharing,https://www.academia.edu/37690133/Mainamati
399,https://drive.google.com/file/d/1RfIMgVLyTAagzz8rKqPrsGQ1_AKVDDjk/view?usp=sharing,https://mainamati.archaeology.gov.bd
410,https://www.researchgate.net/figure/Double-bodied-lion-8-th-Century-CE-Salabana-Vihara-Mainamati-Museum-Bangladesh_fig5_307670905,
412,Bangabandhu_Waiving_Flag_on_23_March_1971_at_Dhanmondi_32.jpg,https://unb.com.bd/category/Lifestyle/bangabandhu-memorial-museum-witness-to-history-and-tragedy/56035
413,bangabandhu-memorial.jpg,https://unb.com.bd/category/Lifestyle/bangabandhu-memorial-museum-witness-to-history-and-tragedy/56035
414,bed-room-of-mujibue-rahman.jpg,https://unb.com.bd/category/Lifestyle/bangabandhu-memorial-museum-witness-to-history-and-tragedy/56035
415,Deputy_Secretary_Biegun_Tours_the_Bangabandhu_Memorial_Museum_(50505169757).png,https://unb.com.bd/category/Lifestyle/bangabandhu-memorial-museum-witness-to-history-and-tragedy/56035
416,DSC_0376.max-2000x2000_LHHWngr.jpg,https://unb.com.bd/category/Lifestyle/bangabandhu-memorial-museum-witness-to-history-and-tragedy/56035
417,DSC_0387.max-2000x2000_5rF5oCO.jpg,https://unb.com.bd/category/Lifestyle/bangabandhu-memorial-museum-witness-to-history-and-tragedy/56035
418,DSC_0423.max-2000x2000_7Ty2cg8.jpg,https://unb.com.bd/category/Lifestyle/bangabandhu-memorial-museum-witness-to-history-and-tragedy/56035
419,DSC_0442.max-2000x2000_9BagXdS.jpg,https://unb.com.bd/category/Lifestyle/bangabandhu-memorial-museum-witness-to-history-and-tragedy/56035
420,DSC_0443.max-2000x2000_GUIbG7Z.jpg,https://unb.com.bd/category/Lifestyle/bangabandhu-memorial-museum-witness-to-history-and-tragedy/56035
421,DSC_0450.max-2000x2000_ZUpKReu.jpg,https://unb.com.bd/category/Lifestyle/bangabandhu-memorial-museum-witness-to-history-and-tragedy/56035
422,DSC_0452.max-2000x2000_qB2m9o7.jpg,https://unb.com.bd/category/Lifestyle/bangabandhu-memorial-museum-witness-to-history-and-tragedy/56035
423,DSC_0453.max-2000x2000_ASuQyXJ.jpg,https://unb.com.bd/category/Lifestyle/bangabandhu-memorial-museum-witness-to-history-and-tragedy/56035
424,DSC_0454.max-2000x2000_GCg5akm.jpg,https://unb.com.bd/category/Lifestyle/bangabandhu-memorial-museum-witness-to-history-and-tragedy/56035
425,DSC_0486.max-2000x2000_NvcSVRU (1).jpg,https://unb.com.bd/category/Lifestyle/bangabandhu-memorial-museum-witness-to-history-and-tragedy/56035
426,DSC_0486.max-2000x2000_NvcSVRU.jpg,https://unb.com.bd/category/Lifestyle/bangabandhu-memorial-museum-witness-to-history-and-tragedy/56035
427,DSC_0490.max-2000x2000_hGA3j9W (1).jpg,https://unb.com.bd/category/Lifestyle/bangabandhu-memorial-museum-witness-to-history-and-tragedy/56035
428,DSC_0490.max-2000x2000_hGA3j9W.jpg,https://unb.com.bd/category/Lifestyle/bangabandhu-memorial-museum-witness-to-history-and-tragedy/56035
429,DSC_0500.max-2000x2000_0V0phBI.jpg,https://unb.com.bd/category/Lifestyle/bangabandhu-memorial-museum-witness-to-history-and-tragedy/56035
430,DSC_0515.max-2000x2000_YBBeB89.jpg,https://unb.com.bd/category/Lifestyle/bangabandhu-memorial-museum-witness-to-history-and-tragedy/56035
431,DSC_0516.max-2000x2000_YLTIykW.jpg,https://unb.com.bd/category/Lifestyle/bangabandhu-memorial-museum-witness-to-history-and-tragedy/56035
432,items-used-by-mujibur.jpg,https://unb.com.bd/category/Lifestyle/bangabandhu-memorial-museum-witness-to-history-and-tragedy/56035
433,Secretary_Kerry_is_Looking_at_Evidence_From_a_Trial_for_an_Attack_in_Dhaka_(28692594183).jpg,https://unb.com.bd/category/Lifestyle/bangabandhu-memorial-museum-witness-to-history-and-tragedy/56035
434,Secretary_Kerry_Looks_at_a_Family's_Kitchen_in_Dhaka_(29313291775).jpg,https://unb.com.bd/category/Lifestyle/bangabandhu-memorial-museum-witness-to-history-and-tragedy/56035https://en.wikipedia.org/wiki/Bangabandhu_Memorial_Museum
435,Secretary_Kerry_Looks_at_Stairs_Where_a_Founder_was_Gunned_Down_in_Dhaka_(28692593883).jpg,https://unb.com.bd/category/Lifestyle/bangabandhu-memorial-museum-witness-to-history-and-tragedy/56035
436,Secretary_Kerry_Looks_at_Those_Killed_in_an_Attack_in_Dhaka_(28692591753).jpg,https://unb.com.bd/category/Lifestyle/bangabandhu-memorial-museum-witness-to-history-and-tragedy/56035
462,Ahsan-Manzil-3.jpeg,https://ahsanmanzil.org.bd/site/images/history.pdf
463,Ahsan-Manzil-4.jpg,https://ahsanmanzil.org.bd/site/images/history.pdf
464,Ahsan-Manzil-5.jpeg,https://ahsanmanzil.org.bd/site/images/history.pdf
465,Ahsan-Manzil-10 (1).jpg,https://ahsanmanzil.org.bd/site/images/history.pdf
466,Ahsan-Manzil-10.jpg,https://ahsanmanzil.org.bd/site/images/history.pdf
467,Ahsan-Manzil-15-1536x864.jpg,https://ahsanmanzil.org.bd/site/images/history.pdf
468,Ahsan-Manzil14.jpg,https://ahsanmanzil.org.bd/site/images/history.pdf
469,"Archeological_Artifacts_of_Ahsan_Manzil,_Dhaka,_Bangladesh_2.jpg",https://ahsanmanzil.org.bd/site/images/history.pdf
470,"Archeological_Artifacts_of_Ahsan_Manzil,_Dhaka,_Bangladesh_3.jpg",https://ahsanmanzil.org.bd/site/images/history.pdf
471,"Archeological_Artifacts_of_Ahsan_Manzil,_Dhaka,_Bangladesh_4.jpg",https://ahsanmanzil.org.bd/site/images/history.pdf https://huntingworldbeauty.com/ahsan-manzil/
472,default.jpg,https://ahsanmanzil.org.bd/site/images/history.pdf
473,download (1).jpg,https://ahsanmanzil.org.bd/site/images/history.pdf
474,download (2).jpg,https://ahsanmanzil.org.bd/site/images/history.pdf
475,download (3).jpg,https://ahsanmanzil.org.bd/site/images/history.pdf https://huntingworldbeauty.com/ahsan-manzil/
476,download (4).jpg,https://ahsanmanzil.org.bd/site/images/history.pdf https://huntingworldbeauty.com/ahsan-manzil/
477,download (5).jpg,https://ahsanmanzil.org.bd/site/images/history.pdf https://huntingworldbeauty.com/ahsan-manzil/
478,download (6).jpg,https://ahsanmanzil.org.bd/site/images/history.pdf
479,download (7).jpg,https://ahsanmanzil.org.bd/site/images/history.pdf
480,download (8).jpg,https://ahsanmanzil.org.bd/site/images/history.pdf
481,download.jpg,https://ahsanmanzil.org.bd/site/images/history.pdf
482,images (1).jpg,https://ahsanmanzil.org.bd/site/images/history.pdf
483,images.jpg,https://ahsanmanzil.org.bd/site/images/history.pdf
484,the-ahsan-manzil-museum-at-the-former-palace-of-the-nawab-of-dhaka-in-old-dhaka-bangladesh-2S0YT1Y.jpg,https://ahsanmanzil.org.bd/site/images/history.pdf
485,the-ludges-putting-room.jpg,https://ahsanmanzil.org.bd/site/images/history.pdf
704,https://drive.google.com/file/d/1zCXOLq_QrKP2IFXmJNRKVcuKXK_aH9Er/view?usp=sharing,https://en.wikipedia.org/wiki/Paharpur_Archaeological_Museum
705,https://drive.google.com/file/d/1KEHw4x28SDkcq6_kH4oltyv28RHtkcN1/view?usp=sharing,https://en.wikipedia.org/wiki/Paharpur_Archaeological_Museum
706,https://drive.google.com/file/d/1L76NMwA7CGnx7LgCr4sdV5ESNdMOMGzP/view?usp=sharing,https://en.wikipedia.org/wiki/Paharpur_Archaeological_Museum
707,https://drive.google.com/file/d/1O4v16NacCQPO8opaQY0OPuvuaNnIe2Wd/view?usp=sharing,https://en.wikipedia.org/wiki/Paharpur_Archaeological_Museum
708,https://drive.google.com/file/d/12qrpf4cwNWTPTbD2a8g1mwXMiQ6D97ir/view?usp=sharing,https://en.wikipedia.org/wiki/Paharpur_Archaeological_Museum
713,https://upload.wikimedia.org/wikipedia/commons/thumb/3/3d/Paharpur_Museum_Naga.jpg/220px-Paharpur_Museum_Naga.jpg,https://en.wikipedia.org/wiki/Paharpur_Archaeological_Museum
714,https://upload.wikimedia.org/wikipedia/commons/thumb/9/9a/Paharpur_Museum_DancingFemale.jpg/220px-Paharpur_Museum_DancingFemale.jpg,https://en.wikipedia.org/wiki/Paharpur_Archaeological_Museum
721,https://upload.wikimedia.org/wikipedia/commons/thumb/4/45/Paharpur_Museum_JainIdol.jpg/220px-Paharpur_Museum_JainIdol.jpg,https://en.wikipedia.org/wiki/Paharpur_Archaeological_Museum
722,https://upload.wikimedia.org/wikipedia/commons/thumb/7/7b/Paharpur_Museum_Brahma_Sandstone.jpg/220px-Paharpur_Museum_Brahma_Sandstone.jpg,https://visitworldheritage.com/en/eu/paharpur-museum/929219aa-ee71-4109-b8a3-251d83025d16
723,https://upload.wikimedia.org/wikipedia/commons/thumb/9/99/Paharpur_Museum_Padmapani.jpg/220px-Paharpur_Museum_Padmapani.jpg,https://en.wikipedia.org/wiki/Paharpur_Archaeological_Museum
724,https://upload.wikimedia.org/wikipedia/commons/thumb/c/c7/Paharpur_Museum_Nativity.jpg/220px-Paharpur_Museum_Nativity.jpg,https://en.wikipedia.org/wiki/Paharpur_Archaeological_Museum
832,https://drive.google.com/file/d/1MBq-ttxkMyFbXn86GrtA-1Ff5LyrEdRG/view?usp=drive_link,http://vrmbd.ru.ac.bd/collection/jina-%e1%b9%9b%e1%b9%a3abhanatha/
833,https://drive.google.com/file/d/1NPPGd4wv7pu5u0w8RoFTprUfaZgQnjGd/view?usp=drive_link,http://vrmbd.ru.ac.bd/collection/ga%e1%b9%85ga/
834,https://drive.google.com/file/d/1mqJEAg-IfGhDfSVrYI0fNVjAnkrqgGRy/view?usp=drive_link,http://vrmbd.ru.ac.bd/collection/standing-buddha/
835,https://drive.google.com/file/d/1V_9agAoXutaBXw8qZZ91TUo7KLXtjfTT/view?usp=drive_link,http://vrmbd.ru.ac.bd/collection/sa%e1%b8%8dak%e1%b9%a3ari-lokesvara/
836,https://drive.google.com/file/d/14-GNX6jmkQW_fNPQKY75AdTQKxi3Fq5G/view?usp=drive_link,http://vrmbd.ru.ac.bd/collection/manjusri-standing/
837,https://drive.google.com/file/d/1LoyD-xNj3genpsB3SEPYbMwotg1dTDCW/view?usp=drive_link,http://vrmbd.ru.ac.bd/collection/manjuvara-seated/
838,https://drive.google.com/file/d/1PbMGFXsNOwmBJz_yXVZ4Fmv1swTqLRn1/view?usp=drive_link,http://vrmbd.ru.ac.bd/collection/khadiravani-tara/
839,https://drive.google.com/file/d/1za-QRH-r79MZXBOsg-DW-5JrfZED79kI/view?usp=sharing,http://vrmbd.ru.ac.bd/collection/marici/
840,https://drive.google.com/file/d/1kaOzg6Snmdpfz0CzsQ8q6r7V-1uMyw25/view?usp=sharing,http://vrmbd.ru.ac.bd/collection/varaha/
841,https://drive.google.com/file/d/1mjevGrhsnZv_aUhZKrsPLwf_57MCJduN/view?usp=sharing,http://vrmbd.ru.ac.bd/collection/twin-garu%e1%b8%8da/
842,https://drive.google.com/file/d/1lx3-5cNh9knRmw4YZBR9kUeJ-2cTAIJO/view?usp=sharing,http://vrmbd.ru.ac.bd/collection/garu%e1%b8%8da/
843,https://drive.google.com/file/d/185p07kOcKUKFd6f5O3zM1fOGt_-bX3Pa/view?usp=sharing,http://vrmbd.ru.ac.bd/collection/surya/
844,https://drive.google.com/file/d/1vwwlFj4vfnSoi47f6YNxIwhrwnKtzTjy/view?usp=sharing,http://vrmbd.ru.ac.bd/collection/surya-2/
845,https://drive.google.com/file/d/1WQXWOYfF8du64XcO9YEYesJOjjswiIe3/view?usp=sharing,http://vrmbd.ru.ac.bd/collection/surya-3/
846,https://drive.google.com/file/d/1SMGBNxsHn244vI9U96IGAu8MvhF3XJXo/view?usp=sharing,http://vrmbd.ru.ac.bd/collection/siva/
847,https://drive.google.com/file/d/19A9A0KsG4OX-gH73jgNaA733ANdGD-vM/view?usp=sharing,http://vrmbd.ru.ac.bd/collection/siva-ardhanari-the-half-female-lord/
848,https://drive.google.com/file/d/1tTnPIS3lqJsvY3hRt-PyVG_sByAiAtAt/view?usp=sharing,http://vrmbd.ru.ac.bd/collection/navadurga/
849,https://drive.google.com/file/d/1zvHxcRZD9QSa4bbbCasFkbTRVhsgdYkB/view?usp=sharing,http://vrmbd.ru.ac.bd/collection/durga-mahi%e1%b9%a3amardini/
850,https://drive.google.com/file/d/1yWXIWYeLpEJN_xqMKusVi_PQfEsvKmMc/view?usp=sharing,http://vrmbd.ru.ac.bd/collection/n%e1%b9%9btta-ga%e1%b9%87apati/
851,https://drive.google.com/file/d/1QkgewB0rQf8xI84xGEf3GTzNa5lS5eAa/view?usp=sharing,http://vrmbd.ru.ac.bd/collection/karttikeya-seated/
852,https://drive.google.com/file/d/1p9SOcA5yteRtyYnVU5KazZk4MEKyh7En/view?usp=sharing,http://vrmbd.ru.ac.bd/collection/navamatrka/
853,https://drive.google.com/file/d/1KNOGnuye5OJEXLa-IPsVouvH48FGUb3i/view?usp=sharing,http://vrmbd.ru.ac.bd/collection/manasa/
854,https://drive.google.com/file/d/1SS7xpxoNCHysSkAXiwoOKKcrZZJBAjOk/view?usp=sharing,http://vrmbd.ru.ac.bd/collection/khasarpana-seated/
855,https://drive.google.com/file/d/19yGj1WqIZs1O6Lxcw0xZixueV55xyfyn/view?usp=sharing,http://vrmbd.ru.ac.bd/collection/kr%e1%b9%a3%e1%b9%85a-yamari-halahala-lokesvara/
856,https://drive.google.com/file/d/1eC1TalFMXeHuALPfeqPn4Niq6I7rE8vV/view?usp=sharing,http://vrmbd.ru.ac.bd/collection/head-of-a-bodhisattva/
857,https://drive.google.com/file/d/1GQweI7hOl1KMw1JQpC9-mwmzBS3IbgMC/view?usp=sharing,http://vrmbd.ru.ac.bd/collection/marici-2/
858,https://drive.google.com/file/d/1dmPw-BL9rIUBs1BGhEUAMqlaZ06Z8Oet/view?usp=sharing,http://vrmbd.ru.ac.bd/collection/parvati-uma/
859,https://drive.google.com/file/d/1KbHnCat_lzPZwVsd1uKWAjJsVd0ALAd5/view?usp=sharing,http://vrmbd.ru.ac.bd/collection/mother-and-child/
860,https://drive.google.com/file/d/1TRqDObEUyfXAES5QTaHljhcluiwGvLck/view?usp=sharing,http://vrmbd.ru.ac.bd/collection/sugatisandarsana-lokesvara/
861,https://drive.google.com/file/d/18cp6nT1svuui2RpLInXUthnl60l3bR29/view?usp=sharing,http://vrmbd.ru.ac.bd/collection/mahattari-tara/
862,https://drive.google.com/file/d/1VXxutuA0Io7VGItqYSMNm1uK5-K4I0fu/view?usp=sharing,http://vrmbd.ru.ac.bd/collection/the-triad-brahma-vi%e1%b9%a3%e1%b9%87u-and-siva/
863,https://drive.google.com/file/d/1XSGePl2P9t8MTqHNTykT2kUGhSg_Q7Kb/view?usp=sharing,http://vrmbd.ru.ac.bd/collection/sivaaghora-rudra/
864,https://drive.google.com/file/d/1gCIROHWo7luQRzwcu5JPD2PFXgBc_t1w/view?usp=sharing,http://vrmbd.ru.ac.bd/collection/cu%e1%b9%87%e1%b8%8da/
865,https://drive.google.com/file/d/12KTGj3dTD6j12psChdNb9KUPEl8L4NZf/view?usp=sharing,http://vrmbd.ru.ac.bd/collection/brahma/
866,https://drive.google.com/file/d/1lQ8rFihqVZgKN41n4oUBrEIZQNus8eez/view?usp=sharing,http://vrmbd.ru.ac.bd/collection/jambhala-seated/
867,https://drive.google.com/file/d/10hvrHQc0oWme9cYGMIlyjSo6WMlfEZq9/view?usp=sharing,http://vrmbd.ru.ac.bd/collection/vai%e1%b9%a3%e1%b9%87avi/
868,https://drive.google.com/file/d/1HzCTKWeyz8NYPdZ2UMsB6giyx04PIYPj/view?usp=sharing,http://vrmbd.ru.ac.bd/collection/uma-mahesvara/
869,https://drive.google.com/file/d/1gwNGgKhQJGHXPSYiJm7CHq_ISCQshZKy/view?usp=sharing,http://vrmbd.ru.ac.bd/collection/siva-nataraja/
870,https://drive.google.com/file/d/19LNFiB-UnJYqWUzZtq7GaERToU-vnGhB/view?usp=sharing,http://vrmbd.ru.ac.bd/collection/durga-simhavahini/
871,https://drive.google.com/file/d/1z99sM60CbnjLJSU4kXWeeqjoVdYmGpQZ/view?usp=sharing,http://vrmbd.ru.ac.bd/collection/visnu/
872,https://drive.google.com/file/d/1YkmGMkfGcEfMSZbHMthAeVxmXj2iYhJx/view?usp=sharing,http://vrmbd.ru.ac.bd/collection/visnu-trivikram/
873,https://drive.google.com/file/d/1zNx18LRMa5vfOlzbEg0cHmPmGa5zl-5n/view?usp=sharing,http://vrmbd.ru.ac.bd/collection/rajbhita-stone-inscription-of-mahipala-the-1st/
874,https://drive.google.com/file/d/1pwk_DjDE3r8SKgHRSB7kcWxyy0w4ljJj/view?usp=sharing,http://vrmbd.ru.ac.bd/collection/baghbari-inscription-of-lak%e1%b9%a3ma%e1%b9%87a-sena/
875,https://drive.google.com/file/d/1souULMAfBugaaBHd4Io8KUSlu_HVcYV0/view?usp=sharing,http://vrmbd.ru.ac.bd/collection/durga-si%e1%b9%83havahini/
876,https://drive.google.com/file/d/1hiMsT_Ski6VTQuiEXr_nEOactAfU9tEK/view?usp=sharing,http://vrmbd.ru.ac.bd/collection/vi%e1%b9%a3%e1%b9%87u-sridhara-inscribed/
877,https://drive.google.com/file/d/1hiMsT_Ski6VTQuiEXr_nEOactAfU9tEK/view?usp=sharing,http://vrmbd.ru.ac.bd/collection/vi%e1%b9%a3%e1%b9%87u-sridhara-inscribed/
878,https://drive.google.com/file/d/1IsK6AGwVDmROdydRFX4wrFlgSRIH1Oi8/view?usp=sharing,http://vrmbd.ru.ac.bd/collection/parvati/
879,https://drive.google.com/file/d/1DftX_GgACj6cwOP9kpe07n0dbJpBVjA9/view?usp=sharing,http://vrmbd.ru.ac.bd/collection/surya-4/
880,https://drive.google.com/file/d/1KeQloJbO2_FCfoGSfRzgrtcLn4ZJAz3V/view?usp=sharing,http://vrmbd.ru.ac.bd/collection/khadiravani-tara-2/
881,https://drive.google.com/file/d/1w_t7HRhLxqS2HhAmGZw0DZO5sCnRS_Wr/view?usp=sharing,http://vrmbd.ru.ac.bd/collection/khadiravani-tara-3/
882,https://chandpur-fisheries-museum.gov.bd/gallery/hilsa.jpg,https://en.banglapedia.org/index.php/Bangladesh_Fisheries_Research_Institute
883,https://chandpur-fisheries-museum.gov.bd/gallery/jhalkathi_net.jpg,https://en.banglapedia.org/index.php/Bangladesh_Fisheries_Research_Institute
884,https://chandpur-fisheries-museum.gov.bd/gallery/boal.jpg,https://en.banglapedia.org/index.php/Bangladesh_Fisheries_Research_Institute
885,https://chandpur-fisheries-museum.gov.bd/gallery/bfri_station.jpg,https://en.banglapedia.org/index.php/Bangladesh_Fisheries_Research_Institute
886,https://chandpur-fisheries-museum.gov.bd/gallery/fish_market.jpg,https://en.banglapedia.org/index.php/Bangladesh_Fisheries_Research_Institute
887,https://chandpur-fisheries-museum.gov.bd/gallery/jatka_display.jpg,https://en.banglapedia.org/index.php/Bangladesh_Fisheries_Research_Institute
888,https://chandpur-fisheries-museum.gov.bd/gallery/sampan_model.jpg,https://en.banglapedia.org/index.php/Bangladesh_Fisheries_Research_Institute
889,https://chandpur-fisheries-museum.gov.bd/gallery/meghna_ecology.jpg,https://en.banglapedia.org/index.php/Bangladesh_Fisheries_Research_Institute
890,https://chandpur-fisheries-museum.gov.bd/gallery/hilsa_culture.jpg,https://en.banglapedia.org/index.php/Bangladesh_Fisheries_Research_Institute
891,https://chandpur-fisheries-museum.gov.bd/gallery/rohu_catla.jpg,https://en.banglapedia.org/index.php/Bangladesh_Fisheries_Research_Institute
892,https://coxs-bazar-fisheries-museum.gov.bd/gallery/bull_shark.jpg,https://en.banglapedia.org/index.php/Bangladesh_Fisheries_Research_Institute
893,https://coxs-bazar-fisheries-museum.gov.bd/gallery/barramundi.jpg,https://en.banglapedia.org/index.php/Bangladesh_Fisheries_Research_Institute
894,https://coxs-bazar-fisheries-museum.gov.bd/gallery/marine_collection.jpg,https://en.banglapedia.org/index.php/Bangladesh_Fisheries_Research_Institute
895,https://coxs-bazar-fisheries-museum.gov.bd/gallery/trawler_model.jpg,https://en.banglapedia.org/index.php/Bangladesh_Fisheries_Research_Institute
896,https://coxs-bazar-fisheries-museum.gov.bd/gallery/sea_turtle.jpg,https://en.banglapedia.org/index.php/Bangladesh_Fisheries_Research_Institute
897,https://coxs-bazar-fisheries-museum.gov.bd/gallery/bfri_mfts.jpg,https://en.banglapedia.org/index.php/Bangladesh_Fisheries_Research_Institute
898,https://coxs-bazar-fisheries-museum.gov.bd/gallery/shrimp_display.jpg,https://en.banglapedia.org/index.php/Bangladesh_Fisheries_Research_Institute
899,https://coxs-bazar-fisheries-museum.gov.bd/gallery/coral_specimens.jpg,https://en.banglapedia.org/index.php/Bangladesh_Fisheries_Research_Institute
900,https://coxs-bazar-fisheries-museum.gov.bd/gallery/coastal_gear.jpg,https://en.banglapedia.org/index.php/Bangladesh_Fisheries_Research_Institute
901,https://coxs-bazar-fisheries-museum.gov.bd/gallery/dried_fish.jpg,https://en.banglapedia.org/index.php/Bangladesh_Fisheries_Research_Institute
902,https://dinajpur-museum.gov.bd/gallery/brahma.jpg,https://en.banglapedia.org/index.php/Dinajpur_Museum
903,https://dinajpur-museum.gov.bd/gallery/parshvanatha.jpg,https://en.banglapedia.org/index.php/Dinajpur_Museum
904,https://dinajpur-museum.gov.bd/gallery/punchmarked.jpg,https://en.banglapedia.org/index.php/Dinajpur_Museum
905,https://dinajpur-museum.gov.bd/gallery/colonial_coins.jpg,https://en.banglapedia.org/index.php/Dinajpur_Museum
906,https://dinajpur-museum.gov.bd/gallery/decorated_bricks.jpg,https://en.banglapedia.org/index.php/Dinajpur_Museum
907,https://dinajpur-museum.gov.bd/gallery/stone_inscriptions.jpg,https://en.banglapedia.org/index.php/Dinajpur_Museum
908,https://dinajpur-museum.gov.bd/gallery/sitakot.jpg,https://en.banglapedia.org/index.php/Dinajpur_Museum
909,https://dinajpur-museum.gov.bd/gallery/hindu_sculptures.jpg,https://en.banglapedia.org/index.php/Dinajpur_Museum
910,https://dinajpur-museum.gov.bd/gallery/liberation_artifacts.jpg,https://en.banglapedia.org/index.php/Dinajpur_Museum
911,https://dinajpur-museum.gov.bd/gallery/pottery.jpg,https://en.banglapedia.org/index.php/Dinajpur_Museum
912,https://ethnological-museum-ctg.gov.bd/gallery/chakma_homestead.jpg,https://en.banglapedia.org/index.php/Ethnological_Museum
913,https://ethnological-museum-ctg.gov.bd/gallery/mro_boat.jpg,https://bangladeshmuseums.com/ethnological-museum-chittagong/
914,https://ethnological-museum-ctg.gov.bd/gallery/marma_silver.jpg,https://en.banglapedia.org/index.php/Ethnological_Museum
915,https://ethnological-museum-ctg.gov.bd/gallery/tipra_tools.jpg,https://bangladeshmuseums.com/ethnological-museum-chittagong/
916,https://ethnological-museum-ctg.gov.bd/gallery/manipuri_dress.jpg,https://en.banglapedia.org/index.php/Ethnological_Museum
917,https://ethnological-museum-ctg.gov.bd/gallery/mymensingh_groups.jpg,https://en.banglapedia.org/index.php/Ethnological_Museum
918,https://ethnological-museum-ctg.gov.bd/gallery/rajshahi_dinajpur_groups.jpg,https://www.chittagong.gov.bd
919,https://ethnological-museum-ctg.gov.bd/gallery/international_collection.jpg,https://en.banglapedia.org/index.php/Ethnological_Museum
920,https://ethnological-museum-ctg.gov.bd/gallery/bengali_folk.jpg,https://en.banglapedia.org/index.php/Ethnological_Museum
921,https://ethnological-museum-ctg.gov.bd/gallery/ethnic_map.jpg,https://www.chittagong.gov.bd
922,https://faridpur-museum.gov.bd/gallery/coins.jpg,https://www.50bestmuseums.com/directory/bangladesh/Q19741757
923,https://faridpur-museum.gov.bd/gallery/padma_finds.jpg,https://www.touristplaces.com.bd/faridpur/
924,https://faridpur-museum.gov.bd/gallery/fazlul_huq.jpg,https://en.wikipedia.org/wiki/A._K._Fazlul_Huq
925,https://faridpur-museum.gov.bd/gallery/textiles_crafts.jpg,https://www.touristplaces.com.bd/faridpur/
926,https://faridpur-museum.gov.bd/gallery/liberation_artifacts.jpg,https://www.touristplaces.com.bd/faridpur/
927,https://faridpur-museum.gov.bd/gallery/folk_instruments.jpg,https://www.touristplaces.com.bd/faridpur/
928,https://faridpur-museum.gov.bd/gallery/agricultural_tools.jpg,https://www.touristplaces.com.bd/faridpur/
929,https://faridpur-museum.gov.bd/gallery/historical_photos.jpg,https://www.touristplaces.com.bd/faridpur/
930,https://banglaacademy-folk-museum.gov.bd/gallery/gazi_pata.jpg,https://en.wikipedia.org/wiki/Barwan_house
931,https://banglaacademy-folk-museum.gov.bd/gallery/nakshi_kantha.jpg,https://en.wikipedia.org/wiki/Barwan_house
932,https://banglaacademy-folk-museum.gov.bd/gallery/shataranji.jpg,https://en.wikipedia.org/wiki/Barwan_house
933,https://banglaacademy-folk-museum.gov.bd/gallery/rickshaw_panel.jpg,https://en.wikipedia.org/wiki/Barwan_house
934,https://banglaacademy-folk-museum.gov.bd/gallery/folk_instruments.jpg,https://en.wikipedia.org/wiki/Barwan_house
935,https://banglaacademy-folk-museum.gov.bd/gallery/folk_ornaments.jpg,https://en.wikipedia.org/wiki/Barwan_house
936,https://banglaacademy-folk-museum.gov.bd/gallery/language_movement.jpg,https://en.wikipedia.org/wiki/Barwan_house
937,https://banglaacademy-folk-museum.gov.bd/gallery/writers_museum.jpg,https://en.wikipedia.org/wiki/Barwan_house
938,https://banglaacademy-folk-museum.gov.bd/gallery/folk_pottery.jpg,https://en.wikipedia.org/wiki/Barwan_house
939,https://banglaacademy-folk-museum.gov.bd/gallery/jamdani.jpg,https://en.wikipedia.org/wiki/Barwan_house
940,https://jamalpur-museum.gov.bd/gallery/land_deed.jpg,https://en.wikipedia.org/wiki/List_of_museums_in_Bangladesh
941,https://jamalpur-museum.gov.bd/gallery/dining_table.jpg,https://en.wikipedia.org/wiki/List_of_museums_in_Bangladesh
942,https://jamalpur-museum.gov.bd/gallery/iron_safe.jpg,https://en.wikipedia.org/wiki/List_of_museums_in_Bangladesh
943,https://jamalpur-museum.gov.bd/gallery/terracotta.jpg,https://en.wikipedia.org/wiki/List_of_museums_in_Bangladesh
944,https://jamalpur-museum.gov.bd/gallery/heritage_photos.jpg,https://en.wikipedia.org/wiki/List_of_museums_in_Bangladesh
945,https://jamalpur-museum.gov.bd/gallery/folk_crafts.jpg,https://en.wikipedia.org/wiki/List_of_museums_in_Bangladesh
946,https://jamalpur-museum.gov.bd/gallery/liberation_artifacts.jpg,https://en.wikipedia.org/wiki/List_of_museums_in_Bangladesh
947,https://jamalpur-museum.gov.bd/gallery/estate_architecture.jpg,https://en.wikipedia.org/wiki/List_of_museums_in_Bangladesh
948,https://kangal-museum.gov.bd/gallery/portrait.jpg,https://en.wikipedia.org/wiki/Kangal_Harinath_Memorial_Museum
949,https://kangal-museum.gov.bd/gallery/gram_barta.jpg,https://en.wikipedia.org/wiki/Kangal_Harinath
950,https://kangal-museum.gov.bd/gallery/printing_press.jpg,https://en.wikipedia.org/wiki/Kangal_Harinath
951,https://kangal-museum.gov.bd/gallery/published_works.jpg,https://en.wikipedia.org/wiki/Kangal_Harinath
952,https://kangal-museum.gov.bd/gallery/lalon_connection.jpg,https://en.wikipedia.org/wiki/Kangal_Harinath
953,https://kangal-museum.gov.bd/gallery/jc_bose.jpg,https://en.wikipedia.org/wiki/Kangal_Harinath
954,https://kangal-museum.gov.bd/gallery/indigo_resistance.jpg,https://en.wikipedia.org/wiki/Kangal_Harinath
955,https://kangal-museum.gov.bd/gallery/personal_effects.jpg,https://en.wikipedia.org/wiki/Kangal_Harinath_Memorial_Museum
956,https://khulna-museum.gov.bd/gallery/bharat_bust.jpg,https://en.wikipedia.org/wiki/Khulna_Divisional_Museum
957,https://khulna-museum.gov.bd/gallery/black_basalt.jpg,https://en.wikipedia.org/wiki/Khulna_Divisional_Museum
958,https://khulna-museum.gov.bd/gallery/barobazar_artifacts.jpg,https://royalbengaltours.com/destinations/museums-of-bangladesh/
959,https://khulna-museum.gov.bd/gallery/jahangir_coins.jpg,https://www.bangladeshscenictours.com/places-to-visit-in-khulna/
960,https://khulna-museum.gov.bd/gallery/sundarbans.jpg,https://en.wikipedia.org/wiki/Khulna_Divisional_Museum
961,https://khulna-museum.gov.bd/gallery/utensils.jpg,https://www.touristplaces.com.bd/khulna/khulna-museum/
962,https://khulna-museum.gov.bd/gallery/liberation_photos.jpg,https://www.touristplaces.com.bd/khulna/khulna-museum/
963,https://khulna-museum.gov.bd/gallery/terracotta.jpg,https://www.academia.edu/39743274
964,https://khulna-museum.gov.bd/gallery/mixed_objects.jpg,https://www.bangladeshscenictours.com/places-to-visit-in-khulna/
965,https://khulna-museum.gov.bd/gallery/khan_jahan.jpg,https://royalbengaltours.com/destinations/museums-of-bangladesh/
966,https://kishoreganj-museum.gov.bd/gallery/haor_finds.jpg,https://en.wikipedia.org/wiki/List_of_museums_in_Bangladesh
967,https://kishoreganj-museum.gov.bd/gallery/notable_personalities.jpg,https://en.wikipedia.org/wiki/List_of_museums_in_Bangladesh
968,https://kishoreganj-museum.gov.bd/gallery/haor_boats.jpg,https://en.wikipedia.org/wiki/List_of_museums_in_Bangladesh
969,https://kishoreganj-museum.gov.bd/gallery/liberation_artifacts.jpg,https://en.wikipedia.org/wiki/List_of_museums_in_Bangladesh
970,https://kishoreganj-museum.gov.bd/gallery/folk_instruments.jpg,https://en.wikipedia.org/wiki/List_of_museums_in_Bangladesh
971,https://kishoreganj-museum.gov.bd/gallery/haor_farming_tools.jpg,https://en.wikipedia.org/wiki/List_of_museums_in_Bangladesh
972,https://kishoreganj-museum.gov.bd/gallery/landscape_photos.jpg,https://en.wikipedia.org/wiki/List_of_museums_in_Bangladesh
973,https://kishoreganj-museum.gov.bd/gallery/haor_fishing.jpg,https://en.wikipedia.org/wiki/List_of_museums_in_Bangladesh
974,https://kushtia-museum.gov.bd/gallery/baul_instruments.jpg,https://en.wikipedia.org/wiki/List_of_museums_in_Bangladesh
975,https://kushtia-museum.gov.bd/gallery/lalon_portrait.jpg,https://en.wikipedia.org/wiki/Lalon
976,https://kushtia-museum.gov.bd/gallery/tagore_shilaidaha.jpg,https://en.wikipedia.org/wiki/Shilaidaha_Kuthibari
977,https://kushtia-museum.gov.bd/gallery/archaeological_finds.jpg,https://en.wikipedia.org/wiki/List_of_museums_in_Bangladesh
978,https://kushtia-museum.gov.bd/gallery/textile_heritage.jpg,https://en.wikipedia.org/wiki/List_of_museums_in_Bangladesh
979,https://kushtia-museum.gov.bd/gallery/liberation_docs.jpg,https://en.wikipedia.org/wiki/List_of_museums_in_Bangladesh
980,https://kushtia-museum.gov.bd/gallery/household_objects.jpg,https://en.wikipedia.org/wiki/List_of_museums_in_Bangladesh
981,https://lalbagh-museum.gov.bd/gallery/miniature_paintings.jpg,https://inside-bangladesh.com/lalbagh-fort/
982,https://lalbagh-museum.gov.bd/gallery/calligraphy.jpg,https://inside-bangladesh.com/lalbagh-fort/
983,https://lalbagh-museum.gov.bd/gallery/arms.jpg,https://inside-bangladesh.com/lalbagh-fort/
984,https://lalbagh-museum.gov.bd/gallery/mughal_coins.jpg,https://nijhoom.com/lalbagh-fort/
985,https://lalbagh-museum.gov.bd/gallery/pari_bibi_tomb.jpg,https://curiousexpeditions.org/what-can-visitors-see-and-do-at-lalbagh-fort/
986,https://lalbagh-museum.gov.bd/gallery/mughal_pottery.jpg,https://curiousexpeditions.org/what-can-visitors-see-and-do-at-lalbagh-fort/
987,https://lalbagh-museum.gov.bd/gallery/mughal_textiles.jpg,https://inside-bangladesh.com/lalbagh-fort/
988,https://lalbagh-museum.gov.bd/gallery/hammam.jpg,https://nijhoom.com/lalbagh-fort/
989,https://lalbagh-museum.gov.bd/gallery/fort_history.jpg,https://curiousexpeditions.org/what-can-visitors-see-and-do-at-lalbagh-fort/
990,https://lalbagh-museum.gov.bd/gallery/shaista_khan_docs.jpg,https://inside-bangladesh.com/lalbagh-fort/
991,https://liberationwarmuseumbd.org/gallery/eternal_flame.jpg,https://en.wikipedia.org/wiki/Liberation_War_Museum
992,https://liberationwarmuseumbd.org/gallery/martyred_intellectuals.jpg,https://humbo.com/bd/liberation-war-museum
993,https://liberationwarmuseumbd.org/gallery/declaration_documents.jpg,https://en.banglapedia.org/index.php/Liberation_War_Museum
994,https://liberationwarmuseumbd.org/gallery/genocide_documentation.jpg,https://en.banglapedia.org/index.php/Liberation_War_Museum
995,https://liberationwarmuseumbd.org/gallery/refugee_crisis.jpg,https://www.bangladesh.com/attractions/museums/liberation-war-museum/
996,https://liberationwarmuseumbd.org/gallery/mukti_bahini_weapons.jpg,https://www.historyhit.com/locations/the-liberation-war-museum/
997,https://liberationwarmuseumbd.org/gallery/personal_belongings.jpg,https://en.wikipedia.org/wiki/Liberation_War_Museum
998,https://liberationwarmuseumbd.org/gallery/surrender_document.jpg,https://tourtoday.com.bd/liberation-war-museum-dhaka/
999,https://liberationwarmuseumbd.org/gallery/colonial_heritage.jpg,https://tourtoday.com.bd/liberation-war-museum-dhaka/
1000,https://liberationwarmuseumbd.org/gallery/library_archive.jpg,https://royalbengaltours.com/destinations/museums-of-bangladesh/
1001,https://lokayon-museum.gov.bd/gallery/nakshi_kantha.jpg,https://en.wikipedia.org/wiki/List_of_museums_in_Bangladesh
1002,https://lokayon-museum.gov.bd/gallery/folk_pottery.jpg,https://en.wikipedia.org/wiki/List_of_museums_in_Bangladesh
1003,https://lokayon-museum.gov.bd/gallery/rickshaw_art.jpg,https://en.wikipedia.org/wiki/List_of_museums_in_Bangladesh
1004,https://lokayon-museum.gov.bd/gallery/rural_tools.jpg,https://en.wikipedia.org/wiki/List_of_museums_in_Bangladesh
1005,https://lokayon-museum.gov.bd/gallery/folk_toys.jpg,https://en.wikipedia.org/wiki/List_of_museums_in_Bangladesh
1006,https://lokayon-museum.gov.bd/gallery/fishing_equipment.jpg,https://en.wikipedia.org/wiki/List_of_museums_in_Bangladesh
1007,https://lokayon-museum.gov.bd/gallery/folk_performance.jpg,https://en.wikipedia.org/wiki/List_of_museums_in_Bangladesh
1008,https://lokayon-museum.gov.bd/gallery/folk_ornaments.jpg,https://en.wikipedia.org/wiki/List_of_museums_in_Bangladesh
1009,https://mohammad-ali-palace-museum.gov.bd/gallery/world_leaders.jpg,https://www.thedailystar.net/news-detail-49539
1010,https://mohammad-ali-palace-museum.gov.bd/gallery/eic_coins.jpg,https://www.thedailystar.net/news-detail-49539
1011,https://mohammad-ali-palace-museum.gov.bd/gallery/antique_firearms.jpg,https://www.thedailystar.net/news-detail-49539
1012,https://mohammad-ali-palace-museum.gov.bd/gallery/rare_books.jpg,https://www.thedailystar.net/news-detail-49539
1013,https://mohammad-ali-palace-museum.gov.bd/gallery/family_costumes.jpg,https://www.thedailystar.net/news-detail-49539
1014,https://mohammad-ali-palace-museum.gov.bd/gallery/terracotta_panels.jpg,https://en.wikipedia.org/wiki/Mohammed_Ali_Palace_Museum
1015,https://mohammad-ali-palace-museum.gov.bd/gallery/dulal_sculptures.jpg,https://www.thedailystar.net/news-detail-49539
1016,https://mohammad-ali-palace-museum.gov.bd/gallery/family_portraits.jpg,https://www.thedailystar.net/news-detail-49539
1017,https://mohammad-ali-palace-museum.gov.bd/gallery/palace_furniture.jpg,https://www.thedailystar.net/news-detail-49539
1018,https://mohammad-ali-palace-museum.gov.bd/gallery/family_graves.jpg,https://en.wikipedia.org/wiki/Mohammed_Ali_Palace_Museum
1019,https://rouf-museum.gov.bd/gallery/portrait.jpg,https://en.wikipedia.org/wiki/Munshi_Abdur_Rouf
1020,https://rouf-museum.gov.bd/gallery/uniform.jpg,https://en.wikipedia.org/wiki/Munshi_Abdur_Rouf
1021,https://rouf-museum.gov.bd/gallery/lmg.jpg,https://en.wikipedia.org/wiki/Munshi_Abdur_Rouf
1022,https://rouf-museum.gov.bd/gallery/medal.jpg,https://en.wikipedia.org/wiki/Munshi_Abdur_Rouf
1023,https://rouf-museum.gov.bd/gallery/sector1_photos.jpg,https://en.wikipedia.org/wiki/Munshi_Abdur_Rouf
1024,https://rouf-museum.gov.bd/gallery/mothers_testimony.jpg,https://www.thedailystar.net/news-detail-38365
1025,https://rouf-museum.gov.bd/gallery/village_history.jpg,https://www.newagebd.net/print/article/4748
1026,https://rouf-museum.gov.bd/gallery/library.jpg,https://en.wikipedia.org/wiki/Birshreshtha_Munshi_Abdur_Rouf_Library_and_Museum
1027,https://rouf-museum.gov.bd/gallery/war_map.jpg,https://en.wikipedia.org/wiki/Munshi_Abdur_Rouf
1028,https://rouf-museum.gov.bd/gallery/personal_effects.jpg,https://en.wikipedia.org/wiki/Munshi_Abdur_Rouf
3497,https://commons.wikimedia.org/wiki/File:2_inch_Mortar_1971_Bangladesh_Liberation_War_Arms.jpg,https://commons.wikimedia.org/w/index.php?title=Category:Interior_of_Liberation_War_Museum
3498,https://commons.wikimedia.org/wiki/File:40_MM_RPG_ATK_1971_Bangladesh_Liberation_War_Arms_2.jpg,https://commons.wikimedia.org/w/index.php?title=Category:Interior_of_Liberation_War_Museum
3498,https://commons.wikimedia.org/wiki/File:40_MM_RPG_ATK_1971_Bangladesh_Liberation_War_Arms.jpg,https://commons.wikimedia.org/w/index.php?title=Category:Interior_of_Liberation_War_Museum
3499,https://commons.wikimedia.org/wiki/File:7.62_MM_1A1_Self_Loading_Rifle_1971_Bangladesh_Liberation_War_Arms_2.jpg,https://commons.wikimedia.org/w/index.php?title=Category:Interior_of_Liberation_War_Museum
3499,https://commons.wikimedia.org/wiki/File:7.62_MM_1A1_Self_Loading_Rifle_1971_Bangladesh_Liberation_War_Arms.jpg,https://commons.wikimedia.org/w/index.php?title=Category:Interior_of_Liberation_War_Museum
3500,https://commons.wikimedia.org/wiki/File:7.62_MM_Rifle_Belgium_1971_Bangladesh_Liberation_War_Arms_2.jpg,https://commons.wikimedia.org/w/index.php?title=Category:Interior_of_Liberation_War_Museum
3500,https://commons.wikimedia.org/wiki/File:7.62_MM_Rifle_Belgium_1971_Bangladesh_Liberation_War_Arms.jpg,https://commons.wikimedia.org/w/index.php?title=Category:Interior_of_Liberation_War_Museum
3501,https://commons.wikimedia.org/wiki/File:7.62_MM_Sniper_Rifle_1971_Bangladesh_Liberation_War_Arms.jpg,https://commons.wikimedia.org/w/index.php?title=Category:Interior_of_Liberation_War_Museum
3502,https://commons.wikimedia.org/wiki/File:9MM_Carbine_Machine_Gun_2A_1971_Bangladesh_Liberation_War_Arms_2.jpg,https://commons.wikimedia.org/w/index.php?title=Category:Interior_of_Liberation_War_Museum
3502,https://commons.wikimedia.org/wiki/File:9MM_Carbine_Machine_Gun_2A_1971_Bangladesh_Liberation_War_Arms.jpg,https://commons.wikimedia.org/w/index.php?title=Category:Interior_of_Liberation_War_Museum
3503,https://commons.wikimedia.org/wiki/File:A_Cannon_from_Bangladesh_Liberation_War.jpg,https://commons.wikimedia.org/w/index.php?title=Category:Interior_of_Liberation_War_Museum
3504,https://commons.wikimedia.org/wiki/File:A_rifle_from_1971_Bangladesh_Liberation_War.jpg,https://commons.wikimedia.org/w/index.php?title=Category:Interior_of_Liberation_War_Museum
3505,https://commons.wikimedia.org/wiki/File:BREN_GM_MK_II_1971_Bangladesh_Liberation_War_Arms_2.jpg,https://commons.wikimedia.org/w/index.php?title=Category:Interior_of_Liberation_War_Museum
3505,https://commons.wikimedia.org/wiki/File:BREN_GM_MK_II_1971_Bangladesh_Liberation_War_Arms.jpg,https://commons.wikimedia.org/w/index.php?title=Category:Interior_of_Liberation_War_Museum
3506,https://commons.wikimedia.org/wiki/File:G3P3_7.62_MM_Rifle_1971_Bangladesh_Liberation_War_Arms_2.jpg,https://commons.wikimedia.org/w/index.php?title=Category:Interior_of_Liberation_War_Museum
3506,https://commons.wikimedia.org/wiki/File:G3P3_7.62_MM_Rifle_1971_Bangladesh_Liberation_War_Arms.jpg,https://commons.wikimedia.org/w/index.php?title=Category:Interior_of_Liberation_War_Museum
3507,https://commons.wikimedia.org/wiki/File:Hat_of_Mohammad_Ruhul_Amin.jpg,https://commons.wikimedia.org/w/index.php?title=Category:Interior_of_Liberation_War_Museum
3508,https://commons.wikimedia.org/wiki/File:Rifle_7.62MM_2A_ISHAPORE_1971_Bangladesh_Liberation_War_Arms_2.jpg,https://commons.wikimedia.org/w/index.php?title=Category:Interior_of_Liberation_War_Museum
3508,https://commons.wikimedia.org/wiki/File:Rifle_7.62MM_2A_ISHAPORE_1971_Bangladesh_Liberation_War_Arms.jpg,https://commons.wikimedia.org/w/index.php?title=Category:Interior_of_Liberation_War_Museum
3509,https://commons.wikimedia.org/wiki/File:Rifle_from_Bangladesh_Liberation_War.jpg,https://commons.wikimedia.org/w/index.php?title=Category:Interior_of_Liberation_War_Museum
3510,https://commons.wikimedia.org/wiki/File:Rocket_Launcher_3.5_1971_Bangladesh_Liberation_War_Arms.jpg,https://commons.wikimedia.org/w/index.php?title=Category:Interior_of_Liberation_War_Museum
3511,https://commons.wikimedia.org/wiki/File:Sculpture_of_Refugees_from_1971_Genocide_-_Liberation_War_Museum_-_Dhaka_-_Bangladesh_(12826707374).jpg,https://commons.wikimedia.org/w/index.php?title=Category:Interior_of_Liberation_War_Museum
3512,https://commons.wikimedia.org/wiki/File:Soldier_Boot_of_Mohammad_Ruhul_Amin.jpg,https://commons.wikimedia.org/w/index.php?title=Category:Interior_of_Liberation_War_Museum
3513,https://commons.wikimedia.org/wiki/File:Sten_9MM_MK_II_1971_Bangladesh_Liberation_War_Arms_2.jpg,https://commons.wikimedia.org/w/index.php?title=Category:Interior_of_Liberation_War_Museum
3513,https://commons.wikimedia.org/wiki/File:Sten_9MM_MK_II_1971_Bangladesh_Liberation_War_Arms.jpg,https://commons.wikimedia.org/w/index.php?title=Category:Interior_of_Liberation_War_Museum
3514,https://commons.wikimedia.org/wiki/File:Table_from_1971_Race_Course_where_General_Aurora_and_General_Niazi_sit_on_for_Instrument_of_Surrender.jpg,https://commons.wikimedia.org/w/index.php?title=Category:Interior_of_Liberation_War_Museum
3515,https://commons.wikimedia.org/wiki/File:Tools_of_Mohammad_Ruhul_Amin.jpg,https://commons.wikimedia.org/w/index.php?title=Category:Interior_of_Liberation_War_Museum
1126,https://commons.wikimedia.org/wiki/File:Artifacts_in_front_of_Liberation_War_Museum_41.jpg,https://commons.wikimedia.org/w/index.php?title=Category:Interior_of_Liberation_War_Museum
